employee_id,first_name,last_name,gender,department,hire_date,birth_date,salary,email,phone,employment_status
1,Burnard,Fried,Male,Front Office,1/23/2016,1/2/2001,12260,bfried0@whitehouse.gov,193-468-0564,On Leave
2,Gery,Ringsell,Male,Front Office,3/11/2017,6/2/2017,35389,gringsell1@taobao.com,754-638-9622,Terminated
3,Christyna,McGucken,Female,Housekeeping,9/11/2018,6/24/1989,45062,cmcgucken2@chicagotribune.com,559-606-1314,On Leave
4,Marietta,Ghion,Female,Front Office,10/10/2021,6/21/1987,49873,,182-215-3734,On Leave
5,Abby,McMenamy,Male,,7/8/2017,1/12/2021,47633,amcmenamy4@mediafire.com,108-367-1844,Terminated
6,Abey,Stutard,Male,,6/21/2024,7/20/2002,37208,astutard5@typepad.com,232-722-1093,Active
7,Bianca,Dwerryhouse,Female,Housekeeping,7/31/2024,10/21/1979,21287,bdwerryhouse6@dropbox.com,854-519-2651,Active
8,Bartlett,Burtwistle,Male,Maintenance,8/18/2015,6/8/2008,28126,bburtwistle7@fc2.com,317-819-6820,On Leave
9,Eada,Mounsey,Female,Maintenance,11/2/2024,6/11/2004,11697,emounsey8@eventbrite.com,417-548-3650,On Leave
10,Sonny,Andrzejewski,Male,,5/26/2018,11/7/2020,48397,sandrzejewski9@google.nl,986-380-6323,Terminated
11,Maegan,Berthod,Female,Maintenance,11/6/2015,8/3/2007,43647,mberthoda@baidu.com,460-829-6167,Active
12,Wilfred,Everwin,Male,Kitchen,4/8/2018,3/10/2010,41425,weverwinb@businesswire.com,,Active
13,Elvira,Hilling,Female,HR,1/29/2024,7/30/2006,21575,ehillingc@tiny.cc,316-826-1353,Terminated
14,Ephraim,Claffey,Male,Kitchen,1/31/2025,2/1/2022,15005,eclaffeyd@bravesites.com,329-574-8215,Terminated
15,Rhody,de Guerre,Female,Kitchen,3/7/2025,4/9/2003,21538,rdeguerree@google.com.br,,Terminated
16,Di,Riddel,Female,Kitchen,2/24/2017,8/25/2003,15311,driddelf@posterous.com,445-585-8548,Terminated
17,Hyacintha,Challicum,Female,Security,12/18/2024,8/13/1981,20239,hchallicumg@squidoo.com,597-129-4613,On Leave
18,Skelly,Vieyra,Male,Security,6/26/2020,8/29/1971,32185,svieyrah@twitpic.com,588-740-3200,Active
19,Greer,Blanche,Female,Front Office,1/3/2017,10/20/1991,22624,gblanchei@weather.com,582-481-6348,On Leave
20,Laryssa,Punton,Female,Kitchen,7/16/2018,11/19/1987,26534,lpuntonj@census.gov,329-383-7419,On Leave
21,Glen,Cawcutt,Male,Housekeeping,6/28/2021,7/21/2019,18042,gcawcuttk@goodreads.com,205-985-0234,Terminated
22,Arlina,Trayford,Female,HR,12/7/2018,8/1/2022,31219,atrayfordl@vk.com,335-236-0467,On Leave
23,Keefer,Chifney,Male,Housekeeping,12/10/2015,1/24/2021,19685,,983-501-7882,Active
24,Lu,Salvadori,Female,Maintenance,5/6/2025,1/13/2000,36582,lsalvadorin@foxnews.com,662-723-5641,Active
25,Josias,Cowgill,Male,,2/2/2024,11/23/1979,30626,jcowgillo@topsy.com,754-750-4610,Terminated
26,Robinetta,Perrot,Female,Front Office,11/1/2016,7/6/1999,48581,rperrotp@joomla.org,188-729-9965,Active
27,Aggie,Dymoke,Female,Housekeeping,7/25/2019,9/20/1980,36568,adymokeq@opera.com,388-187-1030,Terminated
28,Eric,Wais,Male,HR,6/14/2025,2/6/2024,28916,ewaisr@smugmug.com,405-274-4281,On Leave
29,Wendell,Jinda,Male,Housekeeping,6/23/2020,2/14/1975,36461,wjindas@diigo.com,,Terminated
30,Jorgan,Canning,Male,Finance,12/30/2018,7/8/2007,29063,jcanningt@bbc.co.uk,407-674-4806,Terminated
31,Hally,Surby,Female,Finance,7/13/2023,10/2/1978,45130,,,On Leave
32,Moise,Scalera,Male,Kitchen,3/1/2019,6/29/1988,43046,mscalerav@baidu.com,255-344-8051,On Leave
33,Killian,Morewood,Male,Front Office,3/16/2016,1/10/1981,24219,kmorewoodw@github.com,170-827-2290,Active
34,Trish,Sango,Female,Kitchen,5/24/2020,11/9/1998,45198,tsangox@irs.gov,489-456-7600,Active
35,Ellsworth,Chalfant,Male,Maintenance,8/30/2017,6/4/2007,15774,echalfanty@blogspot.com,868-703-1307,On Leave
36,Caz,Libermore,Male,,7/14/2025,11/4/1977,40134,clibermorez@economist.com,202-932-0238,On Leave
37,Toby,McKirton,Male,HR,3/9/2021,1/18/1971,27083,tmckirton10@geocities.com,153-552-7819,Active
38,Keri,Drissell,Female,Housekeeping,10/26/2018,9/22/1994,49118,kdrissell11@businesswire.com,162-214-1802,On Leave
39,Bent,Silverstone,Male,Front Office,6/27/2017,7/26/1992,43237,bsilverstone12@nature.com,894-808-1919,On Leave
40,Sayer,Goly,Male,Maintenance,9/26/2023,6/18/2020,16909,sgoly13@ted.com,314-338-8474,Terminated
41,Anna,Michele,Female,Maintenance,4/28/2020,12/18/1979,16597,amichele14@cbsnews.com,320-452-6025,Active
42,Zarah,Airy,Female,Kitchen,11/28/2017,3/6/2014,29766,zairy15@disqus.com,827-456-5255,Active
43,Freemon,Josef,Male,Kitchen,7/30/2022,9/13/2017,13650,fjosef16@house.gov,437-958-1768,Active
44,Aurie,Earlam,Female,Maintenance,6/26/2019,10/23/2013,26309,aearlam17@utexas.edu,595-350-2697,On Leave
45,Lynn,Hacaud,Male,Housekeeping,3/12/2019,12/15/1990,45011,lhacaud18@de.vu,783-680-6433,Terminated
46,Sari,Strangward,Female,Security,10/8/2017,1/26/2020,37516,sstrangward19@unicef.org,421-735-4145,Terminated
47,Fitz,Ferdinand,Male,Kitchen,8/17/2018,7/5/1982,43687,fferdinand1a@cam.ac.uk,450-812-1460,On Leave
48,Sam,Dickey,Male,Maintenance,7/22/2018,7/31/2021,25511,,427-611-9752,On Leave
49,Salomon,Giovanitti,Male,Kitchen,4/18/2024,8/16/1984,20248,,,Terminated
50,Dulcea,Hurdwell,Female,HR,11/21/2018,6/2/1976,35163,dhurdwell1d@dell.com,663-219-6095,On Leave
51,Noel,Bredgeland,Female,Front Office,7/18/2019,4/18/1982,28918,,434-612-7935,Active
52,Sullivan,De Paepe,Male,Security,10/21/2023,4/4/1982,30042,sdepaepe1f@networkadvertising.org,842-570-4631,Active
53,Cathyleen,Northway,Female,Housekeeping,8/6/2019,1/13/1981,15347,cnorthway1g@skype.com,384-621-4827,On Leave
54,Cordy,McCambrois,Male,,11/4/2024,6/16/1994,25078,cmccambrois1h@1und1.de,820-128-7310,On Leave
55,Denna,Errichiello,Female,Front Office,12/2/2017,2/15/2015,27471,derrichiello1i@google.it,649-861-1911,On Leave
56,Walker,Doddemeede,Male,HR,3/25/2021,8/20/2016,27348,wdoddemeede1j@homestead.com,342-889-2213,Terminated
57,Cordie,Walisiak,Male,Finance,11/1/2019,10/1/2005,23769,cwalisiak1k@abc.net.au,890-174-9562,Terminated
58,Kearney,Edwin,Male,Maintenance,7/8/2016,2/23/2002,30260,kedwin1l@unc.edu,458-286-3313,On Leave
59,Westbrook,Lightoller,Male,Front Office,3/10/2023,11/28/1988,38954,wlightoller1m@stanford.edu,165-902-5853,Active
60,Camilla,Ridel,Female,HR,8/22/2017,11/11/1971,47227,cridel1n@cnbc.com,136-336-1705,Terminated
61,Sophi,Passler,Female,Finance,10/21/2023,2/27/2008,22574,spassler1o@washingtonpost.com,603-867-9925,Active
62,Gardner,Trenholm,Male,HR,7/18/2019,6/29/2021,37330,gtrenholm1p@auda.org.au,386-842-2417,On Leave
63,Gigi,Mockford,Female,,6/5/2019,10/7/2007,27218,gmockford1q@woothemes.com,899-108-1223,Terminated
64,Desirae,Niaves,Female,Maintenance,11/23/2022,4/4/1997,28343,dniaves1r@dion.ne.jp,272-748-6162,On Leave
65,Joel,Kemball,Male,Kitchen,1/12/2022,2/1/1998,10097,jkemball1s@wordpress.org,662-610-5897,Active
66,Blancha,Dicken,Female,Kitchen,10/4/2023,8/3/2014,18909,bdicken1t@xrea.com,180-350-1084,On Leave
67,Suzi,Danielsohn,Female,HR,1/16/2021,6/24/2024,49248,,785-355-4765,Active
68,Skipton,Fourcade,Male,Maintenance,5/28/2025,5/16/1983,49921,sfourcade1v@squidoo.com,494-979-5643,On Leave
69,Glenine,Cejka,Female,Housekeeping,3/16/2024,6/18/1983,12393,gcejka1w@google.pl,657-147-7764,Terminated
70,Webster,Forster,Male,HR,4/10/2025,1/17/1991,38639,wforster1x@simplemachines.org,973-566-4549,On Leave
71,Vivie,Castiglioni,Female,Kitchen,3/10/2021,11/18/2019,12368,vcastiglioni1y@ucsd.edu,388-492-1072,On Leave
72,Gian,Lorraway,Male,Housekeeping,12/15/2016,8/29/1974,44725,glorraway1z@nature.com,407-582-2621,Active
73,Aubert,Bassam,Male,Housekeeping,11/12/2016,6/27/2020,40574,abassam20@xing.com,140-774-0339,Terminated
74,Tessa,Busain,Female,Maintenance,2/15/2016,11/13/2000,43616,tbusain21@tripadvisor.com,513-383-1556,Terminated
75,Phyllida,Camelin,Female,Security,1/5/2019,9/26/2020,42958,pcamelin22@nba.com,876-345-0068,On Leave
76,Theodoric,Canfield,Male,,4/26/2025,6/28/2023,16392,tcanfield23@netlog.com,309-265-1718,Active
77,Angelique,Kernan,Female,Finance,11/8/2022,8/10/1986,26020,akernan24@businesswire.com,512-563-1559,Active
78,Verne,Wegner,Male,Security,10/20/2024,12/13/2006,20682,vwegner25@pinterest.com,440-312-1200,Terminated
79,Odella,Doulton,Female,Housekeeping,6/23/2020,4/3/2015,21062,odoulton26@admin.ch,636-397-5614,Terminated
80,Dannye,Maine,Female,Kitchen,12/16/2017,11/2/1992,17503,dmaine27@bravesites.com,732-272-5987,On Leave
81,Lanni,Strete,Female,Front Office,12/26/2018,5/27/1981,24353,lstrete28@chron.com,630-162-9273,Terminated
82,Jorie,Pedrielli,Female,Maintenance,6/15/2023,6/12/1971,10996,jpedrielli29@prweb.com,296-550-8637,Terminated
83,Modesta,Pettipher,Female,Housekeeping,5/10/2017,4/27/1999,28769,mpettipher2a@wsj.com,144-115-6946,Active
84,Arluene,Pinard,Female,HR,7/2/2023,1/15/2016,18858,apinard2b@pbs.org,518-807-9932,Terminated
85,Leonora,Keoghane,Female,Finance,3/27/2022,7/12/2024,47644,lkeoghane2c@arizona.edu,320-148-0097,Terminated
86,Noelani,Tincey,Female,Security,11/20/2020,5/6/1998,23851,ntincey2d@google.it,223-258-7151,Active
87,Leilah,Burchell,Female,HR,7/31/2017,2/27/2009,48621,lburchell2e@yahoo.com,508-242-3633,Terminated
88,Dyann,Meers,Female,Finance,8/22/2021,7/13/2016,14717,dmeers2f@google.it,144-866-2291,Active
89,Tuesday,Brymham,Female,Kitchen,9/22/2015,12/3/1994,10206,tbrymham2g@list-manage.com,571-527-0040,Terminated
90,Brnaby,Somerbell,Male,Front Office,11/1/2016,1/20/2010,41575,bsomerbell2h@twitpic.com,920-861-5193,Active
91,Francesca,Bachellier,Female,Housekeeping,7/5/2023,4/27/1991,34451,fbachellier2i@home.pl,455-141-4593,Active
92,Yance,Panner,Male,Housekeeping,6/24/2021,2/17/2016,42265,,113-270-2316,Terminated
93,Hayward,Petrolli,Male,Maintenance,9/17/2023,3/31/2006,38047,,234-836-8150,On Leave
94,Florie,Doiley,Female,Kitchen,3/31/2020,10/17/1970,28737,,652-638-3367,Terminated
95,Pace,Aiston,Male,Front Office,3/5/2018,5/27/2024,18007,paiston2m@usda.gov,237-599-9912,On Leave
96,Rock,Sibille,Male,Housekeeping,5/28/2017,9/26/1970,45383,rsibille2n@sakura.ne.jp,140-302-5687,Active
97,Davon,McClure,Male,Security,6/24/2019,11/4/1981,25249,dmcclure2o@netlog.com,537-285-1649,Active
98,Vinni,Jiroudek,Female,HR,12/25/2015,7/12/1982,42053,,517-261-5371,Terminated
99,Bary,Olensby,Male,Front Office,1/15/2024,11/11/2021,19499,bolensby2q@nps.gov,567-687-7042,On Leave
100,D'arcy,Frostdick,Male,Security,3/7/2018,10/4/1971,10231,dfrostdick2r@vistaprint.com,599-174-3210,Terminated
101,Dannye,Yokelman,Female,Finance,6/21/2020,3/23/2011,27394,dyokelman2s@yellowpages.com,588-908-5969,Active
102,Arielle,Oliver-Paull,Female,Front Office,9/1/2017,9/19/1993,26617,aoliverpaull2t@ameblo.jp,404-414-3901,Terminated
103,Bruno,Wheelton,Male,Finance,1/24/2020,11/10/2012,14997,bwheelton2u@unesco.org,979-457-4081,Terminated
104,Marylynne,Leblanc,Female,Front Office,7/31/2021,1/18/1991,38375,mleblanc2v@google.de,318-878-1014,Terminated
105,Otho,MacFadden,Male,,3/25/2025,2/8/2012,15068,omacfadden2w@qq.com,923-422-8342,On Leave
106,Maressa,De'Ath,Female,Front Office,4/4/2017,4/12/1972,37283,mdeath2x@csmonitor.com,691-728-9888,Active
107,Carlo,Larham,Male,Front Office,8/6/2016,8/6/1989,39819,clarham2y@google.com.hk,231-812-6520,Active
108,Venita,Dorin,Female,Kitchen,8/23/2017,7/19/2001,27541,vdorin2z@reddit.com,801-116-9947,Active
109,Bradley,Fordham,Male,Security,4/18/2025,2/20/1995,42474,bfordham30@etsy.com,872-348-2401,Active
110,Leela,Juarez,Female,Maintenance,7/22/2018,1/10/2010,27794,ljuarez31@dion.ne.jp,852-816-0897,Active
111,Mendie,Ivermee,Male,Security,5/27/2017,9/22/2021,39712,mivermee32@washingtonpost.com,540-179-1118,Active
112,Delphinia,Bloodworthe,Female,Kitchen,4/22/2023,3/13/2003,23595,dbloodworthe33@t-online.de,,Terminated
113,Fawn,Goldster,Female,Front Office,2/15/2022,9/6/1991,46749,fgoldster34@acquirethisname.com,932-123-9915,On Leave
114,Dwain,Bescoby,Male,Kitchen,2/26/2019,1/16/1977,31166,dbescoby35@gmpg.org,290-268-3456,Terminated
115,Vivie,Peris,Female,Housekeeping,12/27/2023,1/4/2016,49795,vperis36@123-reg.co.uk,,On Leave
116,Tabbitha,Ethelston,Female,Kitchen,6/10/2016,9/30/2016,17073,tethelston37@home.pl,699-346-7917,Active
117,Peyter,Macro,Male,Kitchen,10/9/2020,2/15/1995,37418,pmacro38@uiuc.edu,512-988-6280,Active
118,Gare,Mccaull,Male,HR,6/3/2017,8/29/2008,30403,gmccaull39@usda.gov,564-202-8498,On Leave
119,Marinna,Vondracek,Female,Maintenance,12/31/2018,4/4/1991,20907,mvondracek3a@biglobe.ne.jp,159-617-9681,Terminated
120,Benji,Hise,Male,Kitchen,11/5/2024,5/12/2001,30240,bhise3b@xinhuanet.com,696-701-8952,Terminated
121,Melba,Geraldez,Female,Security,1/4/2022,1/28/1986,30594,mgeraldez3c@goo.gl,202-238-2907,Terminated
122,Benoit,Calleja,Male,Front Office,4/21/2025,3/12/1998,47363,bcalleja3d@tripod.com,577-409-6844,On Leave
123,Elva,Febre,Female,Finance,5/12/2019,2/7/2015,30092,efebre3e@vk.com,668-434-2990,Terminated
124,Felicle,Hadleigh,Female,,10/4/2020,5/4/1971,28888,fhadleigh3f@amazon.co.uk,225-386-5166,Terminated
125,Emalee,Lamond,Female,Housekeeping,6/21/2023,1/9/1984,10251,elamond3g@npr.org,307-183-0335,Active
126,Heriberto,Elen,Male,Finance,10/11/2022,4/20/1978,40844,helen3h@discovery.com,948-380-6935,Terminated
127,Benetta,Mickleburgh,Female,Kitchen,2/27/2025,3/6/1977,30343,bmickleburgh3i@baidu.com,408-872-0348,On Leave
128,Didi,Tottle,Female,Housekeeping,9/18/2016,9/23/2007,23700,dtottle3j@acquirethisname.com,561-279-0548,Active
129,Julienne,Pierrepoint,Female,Housekeeping,1/22/2024,4/30/1998,16118,jpierrepoint3k@qq.com,459-133-0901,On Leave
130,Meara,Sidden,Female,Front Office,12/14/2023,9/27/2022,26043,msidden3l@indiegogo.com,265-543-5386,On Leave
131,Catlaina,Girton,Female,Security,4/22/2021,12/23/2006,10960,cgirton3m@photobucket.com,633-135-4916,Active
132,Reinaldo,Moxted,Male,Security,4/18/2022,3/31/2022,48305,rmoxted3n@youtube.com,,Active
133,Gustave,Bowmer,Male,Housekeeping,10/29/2017,10/30/2000,32401,gbowmer3o@sun.com,987-724-3583,On Leave
134,Ranice,Halm,Female,Maintenance,11/10/2023,12/6/1974,12048,rhalm3p@sogou.com,594-580-1964,On Leave
135,Cyndia,Abramof,Female,Housekeeping,2/8/2019,2/15/1998,45773,cabramof3q@rambler.ru,394-165-3756,Active
136,Atlanta,Ridsdell,Female,Kitchen,1/30/2020,4/22/2002,20804,aridsdell3r@newsvine.com,422-655-7057,Terminated
137,Tobit,Le Borgne,Male,Front Office,1/30/2022,12/14/1982,47331,tleborgne3s@nydailynews.com,909-564-5292,On Leave
138,Jaynell,Rowston,Female,Maintenance,2/17/2017,5/2/1982,18795,,385-214-9286,Active
139,Danice,Daouse,Female,Kitchen,11/21/2020,5/10/2008,24458,ddaouse3u@github.io,376-313-9752,On Leave
140,Tripp,Aldred,Male,Housekeeping,10/21/2021,10/25/2024,13250,taldred3v@bloglovin.com,933-247-1273,Active
141,Myrah,Sliman,Female,Housekeeping,9/2/2023,12/26/2021,29094,msliman3w@yelp.com,102-322-2124,On Leave
142,Collete,Antonoyev,Female,Kitchen,8/26/2023,4/29/2002,25525,cantonoyev3x@smh.com.au,455-937-0580,Terminated
143,Sansone,Brimner,Male,Front Office,4/17/2018,2/15/2007,10277,sbrimner3y@latimes.com,779-127-2754,Terminated
144,Merrilee,Wilce,Female,Housekeeping,5/28/2018,1/20/2015,30372,mwilce3z@house.gov,609-937-4167,On Leave
145,Paolina,Hegdonne,Female,Front Office,8/2/2018,3/10/1993,23895,phegdonne40@icq.com,224-669-1453,On Leave
146,Nikola,Limpkin,Male,Kitchen,11/21/2017,3/24/1994,21023,nlimpkin41@independent.co.uk,608-667-4146,Active
147,Reed,Athey,Male,,8/19/2015,8/18/2003,10627,rathey42@ycombinator.com,310-221-3397,Terminated
148,Katy,Brayshaw,Female,Finance,3/29/2018,7/13/2018,43856,,362-316-6521,Terminated
149,Chaddy,Roake,Male,Finance,4/20/2020,10/7/1984,21185,croake44@xing.com,412-215-7068,Terminated
150,Brinn,Andrelli,Female,,7/15/2021,1/9/1994,40647,bandrelli45@meetup.com,160-287-1381,Active
151,Ethelind,Westnage,Female,Housekeeping,6/15/2017,4/1/1981,43977,ewestnage46@furl.net,662-998-3789,On Leave
152,Brit,Harbord,Female,Front Office,5/30/2018,4/7/1999,16331,bharbord47@netlog.com,141-511-3844,On Leave
153,Borg,Castana,Male,Maintenance,8/18/2020,10/10/1997,22615,bcastana48@army.mil,787-412-8272,On Leave
154,Gaby,Simes,Male,Finance,5/6/2020,3/19/1985,35134,gsimes49@patch.com,656-776-1124,Active
155,Pierre,Kilbee,Male,Security,1/21/2019,7/3/2007,27183,pkilbee4a@multiply.com,169-383-6304,Active
156,Lydon,Medgewick,Male,Security,9/10/2019,10/13/1984,43305,lmedgewick4b@yahoo.com,281-902-7603,On Leave
157,Hanson,Yesinin,Male,Front Office,3/16/2024,4/17/1998,42368,hyesinin4c@mtv.com,259-732-7150,Active
158,Bat,Boost,Male,Housekeeping,8/1/2015,12/28/1997,26423,bboost4d@buzzfeed.com,647-963-4597,Active
159,Geoffrey,Kick,Male,Housekeeping,2/9/2021,11/2/1974,39296,gkick4e@ted.com,718-805-5949,On Leave
160,Gloriane,Recher,Female,Finance,5/23/2021,6/12/2021,19999,grecher4f@chicagotribune.com,332-311-0144,Active
161,Yalonda,Trineman,Female,Finance,7/21/2015,4/16/1987,24478,ytrineman4g@aboutads.info,989-779-5415,On Leave
162,Veda,Tall,Female,Front Office,5/1/2016,10/5/1978,44733,vtall4h@sun.com,885-121-5521,Active
163,Berny,Etherington,Female,Housekeeping,10/13/2017,6/14/1977,47875,betherington4i@cnn.com,957-649-9173,Terminated
164,Onfroi,Branca,Male,Front Office,8/19/2016,12/8/2012,35654,,912-281-3643,Active
165,Leupold,Hoyle,Male,Kitchen,9/4/2023,2/25/2015,44697,lhoyle4k@github.com,836-352-1115,Active
166,Kakalina,Grzeszczyk,Female,HR,3/20/2024,11/12/1996,25046,kgrzeszczyk4l@about.me,929-725-1271,On Leave
167,Ivor,Gotcher,Male,,10/21/2018,8/28/2024,36789,igotcher4m@reuters.com,495-130-3902,Active
168,Chrissie,Towler,Female,Housekeeping,2/18/2024,4/22/1981,27722,ctowler4n@admin.ch,127-883-1528,Terminated
169,Hedi,Rosbrough,Female,Finance,7/27/2018,4/4/2003,48027,hrosbrough4o@cbsnews.com,514-447-5079,Terminated
170,Ogdan,Habbershon,Male,Kitchen,10/17/2021,8/9/1973,23994,ohabbershon4p@latimes.com,927-648-2792,Terminated
171,Helaine,Kneafsey,Female,,7/14/2016,9/12/1985,16768,hkneafsey4q@altervista.org,681-595-0378,Terminated
172,Eddie,McCready,Male,Maintenance,12/25/2018,7/26/2020,31809,,247-152-2851,Terminated
173,Katuscha,Surtees,Female,Security,1/28/2020,5/2/1991,45463,,807-885-1547,Terminated
174,Morgan,Franckton,Male,Kitchen,6/15/2021,5/10/2008,49517,mfranckton4t@ezinearticles.com,990-239-8541,On Leave
175,Stanfield,Sandercock,Male,Housekeeping,2/17/2019,3/13/1975,45574,ssandercock4u@examiner.com,762-640-7495,Terminated
176,Cyb,Gian,Female,Front Office,12/8/2023,8/24/1993,48427,cgian4v@msn.com,393-616-8701,On Leave
177,Fanchon,Matthias,Female,Housekeeping,1/9/2021,5/21/1982,26752,fmatthias4w@ezinearticles.com,704-428-4601,On Leave
178,Rica,Thaller,Female,HR,10/21/2015,12/22/1991,46370,rthaller4x@forbes.com,248-199-6023,Terminated
179,Tressa,Matelyunas,Female,Front Office,9/19/2023,2/17/1984,28216,tmatelyunas4y@tripod.com,920-235-5175,Active
180,Rozanna,De Malchar,Female,Security,4/30/2023,11/12/1976,23477,rdemalchar4z@infoseek.co.jp,204-934-6645,Terminated
181,Reagan,Canellas,Male,Housekeeping,11/19/2021,4/20/1989,24511,rcanellas50@163.com,785-688-6106,Active
182,Kris,Poulden,Male,Housekeeping,3/15/2021,1/9/1980,15199,kpoulden51@google.co.jp,260-622-9516,On Leave
183,Gare,Phillput,Male,Housekeeping,1/21/2021,10/31/2005,46211,gphillput52@barnesandnoble.com,747-101-5067,On Leave
184,Halette,Maidlow,Female,Front Office,6/2/2022,5/20/1977,19200,hmaidlow53@imdb.com,496-661-1524,Active
185,Marshall,Trundell,Male,Maintenance,7/17/2015,3/27/2021,42439,mtrundell54@amazon.com,499-556-5160,Active
186,Fred,Harnes,Male,Security,2/26/2017,8/7/1990,49477,fharnes55@sogou.com,,Active
187,Christophorus,Pilling,Male,Security,12/9/2018,1/18/1999,32724,,296-163-3146,Active
188,Clary,Sexcey,Female,Kitchen,3/3/2024,1/18/1994,11841,csexcey57@51.la,679-370-4771,Terminated
189,Marietta,Sealy,Female,Front Office,12/3/2015,12/20/1996,34839,msealy58@vkontakte.ru,510-404-5272,Active
190,Nolly,Cheese,Male,Housekeeping,8/22/2017,3/19/1988,28191,ncheese59@blogs.com,856-571-4421,Terminated
191,Byrle,Bester,Male,Maintenance,3/5/2021,12/7/2005,23593,,468-100-9389,On Leave
192,Mae,Shaxby,Female,HR,4/14/2019,7/21/1992,47285,mshaxby5b@sakura.ne.jp,289-302-2504,Active
193,Asa,Scutter,Male,Kitchen,3/18/2022,4/22/2014,44971,ascutter5c@rambler.ru,385-691-0833,On Leave
194,Leora,Clayfield,Female,HR,6/4/2023,10/9/1980,28927,lclayfield5d@auda.org.au,301-969-0626,On Leave
195,Nealson,Hare,Male,HR,10/23/2021,3/20/1991,32198,nhare5e@vistaprint.com,,Active
196,Annamaria,Works,Female,Security,6/5/2023,7/6/2024,30614,,351-246-8363,On Leave
197,Clifford,Easton,Male,Kitchen,7/23/2015,5/8/2021,46260,ceaston5g@wordpress.com,834-298-6438,Active
198,Horatia,Winslow,Female,HR,2/28/2023,7/5/2016,21844,hwinslow5h@sina.com.cn,762-167-8494,On Leave
199,Scottie,Fontelles,Male,Maintenance,3/21/2019,7/22/2003,26968,,112-670-2413,Terminated
200,Ivett,Ierland,Female,Security,8/4/2022,9/28/2023,10389,iierland5j@psu.edu,340-545-9693,Active
201,Saudra,Gercken,Female,Finance,12/17/2022,1/27/2009,43710,sgercken5k@weibo.com,569-779-9760,Terminated
202,Lyndsie,Torel,Female,Maintenance,4/13/2016,1/14/1971,49446,ltorel5l@amazon.co.uk,322-389-6534,Terminated
203,Ellie,Butt Gow,Female,Front Office,4/15/2025,10/5/2009,39605,ebuttgow5m@icq.com,847-668-2364,On Leave
204,Edvard,Pemberton,Male,Maintenance,8/3/2020,3/8/2023,18974,epemberton5n@ning.com,393-285-6384,On Leave
205,Latrena,Scroyton,Female,,5/21/2018,1/5/1997,21272,lscroyton5o@twitpic.com,257-229-7875,On Leave
206,Alyssa,Blacklidge,Female,Security,1/4/2022,1/23/1987,41852,,283-563-6439,On Leave
207,Charmian,Kaveney,Female,,4/25/2017,8/17/2001,39844,ckaveney5q@phpbb.com,677-930-7594,Active
208,Eugene,Monier,Male,Front Office,9/20/2021,1/1/2013,12488,emonier5r@merriam-webster.com,314-531-5039,On Leave
209,Hayes,Douch,Male,,4/2/2025,5/20/2001,17406,,415-841-5486,Terminated
210,Freemon,Lafflina,Male,,3/20/2018,2/9/2002,30765,,228-335-7664,On Leave
211,Mead,Blanch,Female,Finance,2/8/2016,11/23/1974,22364,mblanch5u@symantec.com,571-942-8074,Active
212,Cortney,Tison,Female,Security,5/30/2023,2/27/1986,47161,ctison5v@walmart.com,,On Leave
213,Sax,MacCallester,Male,Kitchen,9/18/2016,3/23/1974,20210,smaccallester5w@reddit.com,214-667-2237,Active
214,Elspeth,Passion,Female,HR,5/22/2024,11/14/1987,17641,epassion5x@vimeo.com,563-369-5279,On Leave
215,Birgit,Alyukin,Female,Front Office,12/22/2018,1/17/2021,39297,balyukin5y@boston.com,994-828-2017,Active
216,Marta,Whytock,Female,Finance,5/3/2022,10/20/1971,10288,mwhytock5z@bluehost.com,,Terminated
217,Wiley,Frearson,Male,Kitchen,9/29/2015,11/22/2004,38063,wfrearson60@homestead.com,140-252-8056,Active
218,Leupold,Vallerine,Male,Front Office,4/28/2022,3/14/2005,37680,lvallerine61@netlog.com,585-581-0821,On Leave
219,Abdul,Ruffler,Male,Housekeeping,2/19/2024,1/10/1978,38751,aruffler62@mapy.cz,684-131-3994,Active
220,Babbette,Carnier,Female,Housekeeping,5/8/2021,7/10/1980,39070,bcarnier63@theatlantic.com,591-850-6629,Terminated
221,Stuart,Crates,Male,Front Office,3/15/2019,9/8/2020,47476,scrates64@ca.gov,439-614-3165,On Leave
222,Fiona,Amner,Female,Housekeeping,12/6/2015,9/15/1995,22211,famner65@tripadvisor.com,905-575-6204,On Leave
223,Patti,Abramin,Female,Security,12/16/2015,3/27/2018,31665,pabramin66@t-online.de,531-218-9947,Active
224,Selina,Ghidotti,Female,HR,9/1/2015,7/10/2005,39852,sghidotti67@geocities.com,474-530-7426,On Leave
225,Theo,Cawthery,Female,Finance,10/26/2023,11/2/2006,10017,tcawthery68@google.com.br,198-249-0607,Active
226,Lincoln,Mablestone,Male,Kitchen,7/3/2018,5/8/2025,12587,lmablestone69@theglobeandmail.com,681-121-0942,Active
227,Jolene,Edland,Female,Housekeeping,4/15/2022,10/26/2004,19279,,766-804-1282,Terminated
228,Estele,Strain,Female,Housekeeping,9/27/2019,9/8/1982,32946,estrain6b@about.me,237-351-0694,Terminated
229,Allie,Meo,Male,Maintenance,2/11/2020,6/2/1973,35119,,438-400-6462,Terminated
230,Nicholle,Peaker,Female,Housekeeping,1/3/2017,12/4/2011,46769,npeaker6d@unblog.fr,452-415-9894,Terminated
231,Audrye,Plimmer,Female,HR,12/29/2024,9/19/1992,13684,aplimmer6e@techcrunch.com,801-763-3588,Terminated
232,Roley,Goodinson,Male,Housekeeping,8/25/2024,3/13/2005,12185,rgoodinson6f@multiply.com,944-228-5276,On Leave
233,Kora,Linstead,Female,Housekeeping,2/12/2023,8/3/2023,12513,klinstead6g@techcrunch.com,455-660-1087,Active
234,Matelda,Weight,Female,Finance,7/11/2021,3/28/1989,26226,mweight6h@amazonaws.com,636-122-4248,Terminated
235,Morgan,Choffin,Female,Kitchen,1/30/2024,12/30/2011,47876,mchoffin6i@tmall.com,995-177-7008,On Leave
236,Lexis,Fucher,Female,HR,9/19/2023,10/7/1980,27538,lfucher6j@sfgate.com,185-544-4614,Active
237,Micah,Czaple,Male,HR,3/24/2016,1/25/1985,14020,mczaple6k@loc.gov,804-850-0800,Active
238,Letisha,Upstell,Female,Front Office,2/26/2020,9/12/1980,17774,lupstell6l@comcast.net,514-799-5544,Active
239,Ewan,Bolwell,Male,Security,11/28/2020,8/9/2011,16081,,530-373-4127,Terminated
240,Christen,Leber,Female,HR,2/20/2019,9/20/1975,10969,cleber6n@google.com,871-563-9346,Terminated
241,Cayla,Surridge,Female,Security,7/16/2021,7/10/1980,18461,csurridge6o@eepurl.com,887-635-8727,On Leave
242,Cthrine,Picknett,Female,Front Office,6/6/2021,2/13/2017,23039,cpicknett6p@mozilla.org,611-266-0859,Active
243,Jeffrey,Marham,Male,Maintenance,11/5/2022,9/13/1977,28725,jmarham6q@bigcartel.com,964-563-7095,Active
244,Christean,Furze,Female,HR,1/20/2021,3/12/2007,18001,cfurze6r@washington.edu,791-299-6475,Terminated
245,Pen,Garvan,Male,Front Office,1/30/2023,2/23/2002,36204,pgarvan6s@home.pl,786-371-4712,Active
246,Phaedra,Baskeyfied,Female,Security,3/13/2020,12/14/2016,22955,pbaskeyfied6t@pen.io,281-949-0371,Terminated
247,Ally,Philipard,Female,HR,7/27/2019,2/23/1985,24930,aphilipard6u@privacy.gov.au,949-236-4839,Terminated
248,Miran,Chart,Female,Front Office,1/7/2025,5/4/1980,36898,mchart6v@cisco.com,,Terminated
249,Olympia,Hurl,Female,Finance,12/11/2019,8/5/1974,30974,ohurl6w@jimdo.com,912-696-3025,Terminated
250,Jeremy,Sellan,Male,Maintenance,1/24/2025,10/29/1972,49044,jsellan6x@wix.com,813-499-4439,Active
251,Harriot,MacKee,Female,Housekeeping,1/25/2018,3/16/2003,22854,hmackee6y@nba.com,503-298-2728,Active
252,Pat,Spering,Male,Maintenance,10/7/2015,1/4/2007,18100,pspering6z@artisteer.com,,Terminated
253,Barbee,Ouldcott,Female,Kitchen,8/2/2018,12/18/1990,48123,bouldcott70@amazon.com,872-464-9183,Terminated
254,Celeste,Westwell,Female,Finance,4/1/2023,8/2/1975,31969,cwestwell71@51.la,219-441-1896,Terminated
255,Isidora,Ferby,Female,Finance,7/29/2017,5/24/2005,19166,iferby72@newyorker.com,144-823-6973,Active
256,Cesar,Tupper,Male,Kitchen,6/6/2021,7/24/2014,33441,ctupper73@meetup.com,586-835-0283,Terminated
257,Rodger,Blay,Male,,9/5/2018,6/28/2019,43376,rblay74@github.io,520-396-8524,On Leave
258,Harp,Pickthorn,Male,HR,5/31/2025,5/7/1974,24324,hpickthorn75@mapy.cz,734-589-6035,On Leave
259,Ddene,Dewsbury,Female,Security,2/6/2020,6/24/1979,45989,ddewsbury76@shutterfly.com,388-966-9977,Terminated
260,Janaye,Kettel,Female,Finance,4/20/2018,5/11/1971,13775,jkettel77@globo.com,462-366-4148,Active
261,Keen,Hankinson,Male,HR,5/24/2020,8/25/1982,43073,khankinson78@google.ca,796-659-4894,Active
262,Tanny,Koppes,Male,Kitchen,10/4/2023,11/13/1987,46009,tkoppes79@theatlantic.com,598-815-1111,Active
263,Lester,Timbs,Male,Maintenance,5/31/2019,6/6/1981,26185,ltimbs7a@mapquest.com,732-189-7549,On Leave
264,Gawen,Fippe,Male,Maintenance,10/7/2017,11/21/1982,13683,gfippe7b@shutterfly.com,,Terminated
265,Briney,Doget,Female,Housekeeping,5/8/2024,4/8/1985,36378,bdoget7c@yale.edu,334-818-1443,Terminated
266,Sue,McGuinley,Female,Security,8/23/2020,9/13/2014,30208,smcguinley7d@ted.com,203-504-6043,On Leave
267,Elberta,Kobieriecki,Female,Finance,2/17/2017,8/16/1975,48765,ekobieriecki7e@jalbum.net,918-311-5252,Terminated
268,Auria,Tesh,Female,Security,5/7/2022,12/9/1986,48091,atesh7f@istockphoto.com,,Active
269,Mitchael,Ferriman,Male,Finance,4/11/2022,7/31/1974,33032,mferriman7g@people.com.cn,302-669-7186,Terminated
270,Opaline,Mitchel,Female,Finance,5/15/2021,8/25/2021,49860,,682-885-8916,On Leave
271,Mozes,Chesterton,Male,HR,7/28/2023,7/21/2004,46939,mchesterton7i@blogger.com,579-837-0148,Terminated
272,Judd,Thaw,Male,Kitchen,10/15/2016,9/27/1990,14136,jthaw7j@rediff.com,502-344-3300,On Leave
273,Carmelle,Maria,Female,Maintenance,7/16/2019,1/18/2007,27582,cmaria7k@usnews.com,663-277-0538,Terminated
274,Morty,Irwin,Male,,2/10/2022,8/27/2003,21640,,990-239-8810,On Leave
275,Codi,Clappison,Male,Finance,10/27/2017,5/19/2018,37108,cclappison7m@nationalgeographic.com,230-698-7322,Terminated
276,Addia,Calladine,Female,Finance,3/9/2023,7/25/1998,43662,acalladine7n@nationalgeographic.com,226-435-8041,Terminated
277,Sandra,Powney,Female,Housekeeping,9/29/2017,10/15/2006,15514,spowney7o@forbes.com,290-349-7647,Active
278,Hesther,Karlqvist,Female,Maintenance,10/2/2022,4/7/1991,21590,hkarlqvist7p@instagram.com,603-692-7054,On Leave
279,Pooh,Bazley,Female,Housekeeping,2/28/2016,4/2/1995,42347,pbazley7q@amazon.co.jp,622-469-2522,Active
280,Antonius,Peploe,Male,,3/25/2018,2/25/1977,42389,apeploe7r@prlog.org,181-449-1789,On Leave
281,Heath,Godsmark,Female,Front Office,2/29/2024,3/1/2015,45475,hgodsmark7s@domainmarket.com,729-160-0869,Terminated
282,Scott,Southerton,Male,Housekeeping,3/15/2023,7/24/2009,45226,ssoutherton7t@clickbank.net,712-951-8623,On Leave
283,Livia,Conichie,Female,Kitchen,9/14/2020,11/18/1993,22360,lconichie7u@omniture.com,161-287-2683,Terminated
284,Kirbie,Phizackerly,Female,Kitchen,9/24/2016,3/6/2013,15069,kphizackerly7v@networksolutions.com,633-352-3521,Terminated
285,Abagail,Simonett,Female,Front Office,1/24/2020,8/4/1993,42465,asimonett7w@squarespace.com,871-390-6111,Terminated
286,Adan,Muncaster,Male,Front Office,4/15/2023,2/16/1994,45604,amuncaster7x@hud.gov,600-917-9335,Terminated
287,Theo,Heindl,Male,Housekeeping,5/17/2021,9/20/1998,21239,theindl7y@yahoo.co.jp,377-980-0842,Active
288,Vanya,Gasticke,Female,Security,11/6/2017,1/20/2009,42208,vgasticke7z@time.com,214-966-9014,Terminated
289,Horten,Senussi,Male,Front Office,10/26/2021,12/14/1982,11834,hsenussi80@boston.com,630-816-5010,On Leave
290,Kevon,Dreier,Male,HR,8/22/2024,12/15/1985,26793,kdreier81@ameblo.jp,233-491-3549,Terminated
291,Dulsea,Ditzel,Female,Front Office,9/10/2020,9/22/1998,42628,,154-901-9415,Terminated
292,Viva,Jandera,Female,Finance,8/11/2015,11/26/2023,11505,vjandera83@nifty.com,359-936-7312,Terminated
293,Tommie,Dimnage,Male,Housekeeping,4/11/2016,2/7/1998,45257,tdimnage84@marriott.com,507-747-2246,Terminated
294,Cesya,Cordeau,Female,Maintenance,5/14/2024,9/2/2008,13377,ccordeau85@hexun.com,566-621-9383,Terminated
295,Frankie,Robers,Male,Finance,9/22/2017,7/8/2000,34684,frobers86@marketwatch.com,333-300-8781,Terminated
296,Arne,De Bellis,Male,Maintenance,2/21/2022,1/29/2015,45035,adebellis87@netvibes.com,347-978-8441,On Leave
297,Janeen,Brettor,Female,Kitchen,1/21/2018,9/26/1978,39715,jbrettor88@sbwire.com,205-758-7504,Terminated
298,Emory,Coard,Male,Housekeeping,8/11/2018,11/29/2019,31595,ecoard89@noaa.gov,464-286-0673,Terminated
299,Cirillo,Dunning,Male,Housekeeping,6/22/2017,4/12/1991,26815,cdunning8a@pen.io,230-601-0417,Terminated
300,Ephrayim,Mayzes,Male,Front Office,3/10/2021,10/4/2023,47405,emayzes8b@usgs.gov,229-495-2930,Terminated
301,Grenville,Ricci,Male,Front Office,12/1/2020,12/9/1971,48492,gricci8c@si.edu,733-795-4795,On Leave
302,Margery,Insworth,Female,Security,6/19/2024,4/13/2009,40662,minsworth8d@google.co.jp,,Active
303,Yorgos,Bunch,Male,HR,5/16/2016,3/10/2016,48438,ybunch8e@apple.com,375-720-0890,On Leave
304,Marten,Yanson,Male,Finance,9/20/2023,9/29/2019,42009,myanson8f@wordpress.org,709-947-0085,On Leave
305,Emma,Sive,Female,Front Office,9/18/2024,6/1/1994,31795,esive8g@nytimes.com,720-193-4000,On Leave
306,Waring,Dallewater,Male,Front Office,12/3/2021,2/25/1992,24193,wdallewater8h@cornell.edu,135-957-7749,Terminated
307,Cookie,Boughton,Female,Maintenance,11/20/2024,4/7/1978,37108,cboughton8i@twitpic.com,105-452-0511,On Leave
308,Cheri,Tadd,Female,Kitchen,2/25/2016,11/7/2017,48651,ctadd8j@mtv.com,158-472-6596,Active
309,Krysta,Jeckell,Female,Kitchen,8/12/2015,1/16/1974,21101,kjeckell8k@miibeian.gov.cn,354-927-5887,On Leave
310,Philippe,Littrik,Female,Security,1/10/2023,7/11/1991,46661,plittrik8l@usatoday.com,555-610-0411,On Leave
311,Gwyn,Cammocke,Female,Security,10/24/2017,7/13/2009,33457,gcammocke8m@freewebs.com,831-438-2034,Terminated
312,Kaspar,Garrick,Male,Front Office,9/22/2021,2/17/1977,27628,kgarrick8n@ca.gov,310-427-2077,On Leave
313,Tiebold,Preene,Male,Finance,12/11/2024,11/11/1974,14892,tpreene8o@archive.org,849-246-2934,Active
314,Robyn,Tapsell,Female,HR,12/12/2016,4/4/1973,16904,rtapsell8p@nature.com,648-778-1790,On Leave
315,Cosmo,Rosencrantz,Male,Finance,7/30/2015,9/26/2020,21763,crosencrantz8q@furl.net,557-783-5066,Active
316,Mikol,Eard,Male,Maintenance,9/18/2024,4/30/1975,35836,meard8r@constantcontact.com,558-422-0325,Terminated
317,Aldus,Atwool,Male,Kitchen,9/23/2020,2/3/1981,44519,aatwool8s@comsenz.com,748-248-8699,Active
318,Elka,Gentric,Female,Maintenance,9/22/2020,12/28/1997,31082,egentric8t@imageshack.us,642-829-1883,On Leave
319,Guthrie,Urey,Male,Maintenance,10/1/2018,6/6/2013,49020,gurey8u@dailymail.co.uk,122-697-4850,Active
320,Clemmie,Macon,Male,Kitchen,4/13/2022,3/30/2015,29830,cmacon8v@newsvine.com,600-277-7303,On Leave
321,Janna,Kyngdon,Female,Housekeeping,11/8/2015,3/13/1977,28618,jkyngdon8w@friendfeed.com,399-420-9701,On Leave
322,Todd,Ewens,Male,Kitchen,9/22/2019,12/2/1990,38825,tewens8x@webs.com,939-952-9394,On Leave
323,Liz,Egdal,Female,,6/26/2025,10/22/2013,10759,,194-303-8421,Terminated
324,Sinclair,Scola,Male,Housekeeping,4/18/2024,5/10/2023,38751,,549-387-1244,Active
325,Milo,Baggott,Male,,1/30/2020,10/14/1989,27499,,501-764-3405,On Leave
326,Gregory,Saintsbury,Male,Finance,11/9/2022,3/6/1992,38032,gsaintsbury91@123-reg.co.uk,809-899-9571,Active
327,Pavla,Brunton,Female,HR,12/1/2024,7/27/2005,30401,pbrunton92@shareasale.com,260-901-4350,Terminated
328,Ram,Matityahu,Male,Security,12/23/2021,9/29/2010,40168,rmatityahu93@jigsy.com,102-929-4810,Active
329,Baillie,Blackater,Male,Front Office,5/29/2018,11/29/1987,46162,bblackater94@usnews.com,,Terminated
330,Mei,Maryska,Female,Housekeeping,5/5/2025,10/21/1974,39449,mmaryska95@prlog.org,460-510-0367,On Leave
331,Joey,Trubshawe,Male,Front Office,7/1/2022,11/23/2018,27013,jtrubshawe96@statcounter.com,903-801-5387,Terminated
332,Cobb,Somerfield,Male,HR,8/25/2017,9/3/1970,47689,csomerfield97@ovh.net,446-644-4848,On Leave
333,Juditha,Milton,Female,,5/6/2025,3/26/2000,29039,jmilton98@blogs.com,368-639-7824,On Leave
334,Amber,Worsley,Female,HR,3/12/2016,1/17/1995,47198,aworsley99@barnesandnoble.com,536-244-9390,On Leave
335,Elizabet,Housbey,Female,Housekeeping,10/15/2018,5/29/2002,31437,ehousbey9a@g.co,345-732-3712,Terminated
336,Patsy,Kentwell,Male,Kitchen,6/17/2016,8/21/2010,38046,pkentwell9b@census.gov,597-446-3142,On Leave
337,Artie,Winchurst,Male,Kitchen,7/20/2023,4/26/1990,39418,awinchurst9c@dyndns.org,750-849-3478,Terminated
338,Thurston,Nealand,Male,Kitchen,7/1/2017,11/8/2008,45651,,556-589-4836,On Leave
339,Neely,Rodden,Female,Housekeeping,3/15/2023,11/23/1972,38403,nrodden9e@slate.com,522-484-6497,Active
340,Cindi,Churchouse,Female,Kitchen,7/27/2021,11/14/1971,36832,cchurchouse9f@samsung.com,410-990-6549,Active
341,Randy,Palomba,Female,Front Office,10/27/2022,3/1/1979,48829,rpalomba9g@cbc.ca,735-815-2943,On Leave
342,Dominic,Renzini,Male,Security,10/25/2019,9/28/2009,43934,drenzini9h@imdb.com,257-174-9758,On Leave
343,Verla,Sample,Female,Front Office,3/27/2019,12/1/2022,32325,vsample9i@youku.com,160-926-9216,Active
344,Kara-lynn,Scafe,Female,Kitchen,1/20/2019,2/10/1973,10248,,127-797-0731,On Leave
345,Marybelle,Breazeall,Female,HR,12/27/2022,10/28/1974,25323,,805-991-4707,Terminated
346,Johnette,Tackle,Female,Maintenance,4/22/2017,11/15/1974,10139,jtackle9l@loc.gov,145-550-2277,Terminated
347,Carr,Pillman,Male,,5/9/2019,11/6/2013,36712,,907-373-8742,Terminated
348,Nicolina,Colquete,Female,,8/6/2015,6/26/1999,29728,ncolquete9n@nature.com,305-315-5302,Active
349,Alfy,Worsall,Female,Maintenance,6/28/2021,10/16/1984,31621,aworsall9o@buzzfeed.com,577-390-1396,Active
350,Frasquito,De Cruz,Male,HR,4/10/2018,9/11/2020,41765,fdecruz9p@goo.gl,439-956-0441,On Leave
351,Peterus,Guerreau,Male,Maintenance,8/31/2024,7/10/1984,14293,pguerreau9q@blogtalkradio.com,929-305-4959,Terminated
352,Catherine,Suddards,Female,,9/28/2017,1/26/1988,16933,csuddards9r@nytimes.com,512-997-6542,Terminated
353,Lian,Pursehouse,Female,Finance,5/10/2017,4/28/2024,45074,lpursehouse9s@oracle.com,859-507-8283,Terminated
354,Elane,Fellowes,Female,Front Office,8/24/2020,4/14/1976,27007,efellowes9t@techcrunch.com,693-712-3733,On Leave
355,Marmaduke,MacCarter,Male,Maintenance,6/14/2019,12/6/1972,48705,mmaccarter9u@ed.gov,417-865-1990,Active
356,Flory,Romushkin,Male,Finance,5/26/2017,8/10/1977,29807,fromushkin9v@desdev.cn,354-837-5107,On Leave
357,Augustine,Belin,Female,Finance,7/23/2016,2/2/1979,39916,abelin9w@berkeley.edu,142-462-6417,On Leave
358,Siegfried,Boni,Male,Kitchen,6/23/2018,6/27/2003,48686,,857-227-8292,Terminated
359,Lorens,Ockland,Male,Kitchen,1/6/2020,3/28/2002,22447,lockland9y@trellian.com,412-497-9812,On Leave
360,Bone,Pohl,Male,Security,4/23/2019,7/14/2014,32313,bpohl9z@google.com,628-984-3948,On Leave
361,Mariana,Gaynes,Female,Maintenance,9/13/2019,3/27/1983,11871,mgaynesa0@google.pl,419-812-9528,Active
362,Teresa,Wasselin,Female,Finance,10/25/2021,12/6/2019,29316,twasselina1@dyndns.org,579-806-2047,Active
363,Elvira,Howford,Female,Security,3/27/2019,1/31/2014,19846,ehowforda2@twitpic.com,561-616-5874,Active
364,Pam,Ashley,Female,,7/14/2018,1/4/1984,11509,pashleya3@sitemeter.com,654-732-2726,Terminated
365,Pepita,Darwood,Female,Finance,5/31/2023,10/13/2012,15460,pdarwooda4@yale.edu,538-810-6892,Terminated
366,Jordana,Jurzyk,Female,HR,7/10/2018,8/11/2024,30502,jjurzyka5@bizjournals.com,126-689-9120,Terminated
367,Ado,McDougald,Male,Finance,6/14/2020,7/24/2003,18933,amcdougalda6@cbc.ca,151-763-3415,On Leave
368,Monique,Rubinfajn,Female,Front Office,6/23/2016,5/14/1992,15767,mrubinfajna7@linkedin.com,936-588-4706,Active
369,Darleen,Clementson,Female,HR,11/16/2016,8/30/1970,45652,dclementsona8@instagram.com,835-552-4653,Terminated
370,Marleen,Trobridge,Female,Kitchen,9/21/2017,4/4/1992,41041,mtrobridgea9@smh.com.au,541-974-1239,On Leave
371,Caryl,Berrow,Male,Housekeeping,12/29/2020,7/5/2008,12843,cberrowaa@google.com.br,452-750-7418,Terminated
372,Shirl,Muldowney,Female,Kitchen,10/5/2017,3/29/2024,32730,smuldowneyab@diigo.com,799-166-8200,Terminated
373,Reiko,Huby,Female,Security,6/16/2023,10/12/2004,27910,rhubyac@theglobeandmail.com,351-540-5970,Terminated
374,Dietrich,Bigham,Male,Front Office,11/1/2015,8/25/2015,20546,dbighamad@e-recht24.de,453-646-8691,Terminated
375,Thorstein,Linney,Male,Housekeeping,8/2/2017,8/2/2002,27965,tlinneyae@hibu.com,158-116-1980,Active
376,Pascal,Boles,Male,Kitchen,9/12/2021,5/13/2002,36365,pbolesaf@domainmarket.com,825-485-7593,Active
377,Carson,Wrixon,Male,Housekeeping,10/9/2017,2/15/2020,13729,cwrixonag@jalbum.net,615-955-3254,On Leave
378,Tallie,Iltchev,Male,Security,12/1/2020,10/3/1995,40444,,169-437-7902,On Leave
379,Kiri,Alexandre,Female,,6/15/2019,12/28/1978,15157,kalexandreai@storify.com,782-563-6267,Active
380,Giffard,Damsell,Male,Finance,5/2/2018,1/6/2014,35827,gdamsellaj@miitbeian.gov.cn,471-167-0411,Terminated
381,Rodrick,Sowden,Male,Kitchen,4/18/2017,3/13/2005,44731,rsowdenak@upenn.edu,177-206-8214,On Leave
382,Merv,Balmadier,Male,Housekeeping,12/7/2015,9/24/2014,24652,,436-243-5562,On Leave
383,Theadora,Benbough,Female,Front Office,8/19/2024,12/16/2005,39378,tbenbougham@noaa.gov,969-139-4388,On Leave
384,Noel,Pietersma,Female,Finance,4/30/2023,11/23/2020,41726,npietersmaan@oracle.com,751-394-8692,On Leave
385,Mathian,Gerbi,Male,Housekeeping,11/3/2023,1/6/1976,28778,,670-928-1264,On Leave
386,Tomlin,Eteen,Male,Security,1/29/2021,5/15/1995,25087,,831-244-8574,Terminated
387,Zak,Spenceley,Male,Kitchen,11/23/2017,12/17/2004,21113,zspenceleyaq@gov.uk,975-611-1845,Terminated
388,Theressa,Milazzo,Female,Front Office,6/23/2017,11/16/1979,28791,tmilazzoar@friendfeed.com,369-702-9512,Terminated
389,Ruperta,McCole,Female,HR,6/1/2019,10/25/1994,10871,rmccoleas@mozilla.org,517-576-6295,Terminated
390,Marion,Dethloff,Male,Security,3/1/2025,5/30/1980,24579,mdethloffat@tinyurl.com,750-146-3496,On Leave
391,Sheilakathryn,Feckey,Female,Kitchen,1/4/2020,6/4/2005,21234,sfeckeyau@imgur.com,254-131-2351,On Leave
392,Flossy,Grutchfield,Female,Housekeeping,11/2/2018,8/4/1991,26669,fgrutchfieldav@1und1.de,668-354-3896,On Leave
393,Coralie,Simoens,Female,Maintenance,8/21/2022,7/12/1991,37118,csimoensaw@wsj.com,,On Leave
394,Leena,Ranvoise,Female,Housekeeping,4/9/2023,9/6/2019,44064,lranvoiseax@virginia.edu,,Active
395,Chlo,Chrystal,Female,Finance,12/3/2016,8/7/1970,41824,cchrystalay@washington.edu,746-744-5683,On Leave
396,Carena,Donhardt,Female,Housekeeping,4/6/2019,5/27/2018,40887,cdonhardtaz@tinyurl.com,504-116-0191,On Leave
397,Duky,Mallett,Male,,11/8/2020,5/5/2016,12906,dmallettb0@w3.org,867-709-9262,On Leave
398,Kyle,Carpmile,Male,HR,2/16/2019,1/23/1994,45007,kcarpmileb1@businessinsider.com,330-639-3333,On Leave
399,Raffaello,Dunthorne,Male,HR,3/29/2025,12/2/1992,18746,rdunthorneb2@google.cn,,On Leave
400,Gretal,Glanfield,Female,Security,9/29/2018,5/2/1985,41355,gglanfieldb3@wikia.com,,Terminated
401,Abbe,MacDearmid,Male,Security,7/1/2018,12/7/2016,16336,amacdearmidb4@reuters.com,779-311-3964,Terminated
402,Kaitlin,Rookwell,Female,Finance,4/26/2017,10/16/1988,32685,krookwellb5@nba.com,968-322-0533,Terminated
403,Linn,Dickings,Female,Front Office,11/25/2020,5/1/1973,17393,ldickingsb6@spiegel.de,726-554-7581,Terminated
404,Eleni,Dixsee,Female,Front Office,12/10/2015,10/25/1976,44386,edixseeb7@nytimes.com,275-630-0668,On Leave
405,Clea,Tarbin,Female,Front Office,6/29/2019,10/22/2010,32688,ctarbinb8@parallels.com,236-604-7631,On Leave
406,Jaquenetta,Yellowley,Female,Housekeeping,4/1/2016,10/15/1978,25598,jyellowleyb9@ning.com,415-260-5858,Active
407,Hubert,Whitmore,Male,Maintenance,4/6/2025,4/11/2017,32228,hwhitmoreba@spiegel.de,927-381-3070,On Leave
408,Giana,Reed,Female,Maintenance,11/19/2019,7/1/1989,10242,greedbb@shareasale.com,105-509-3582,Terminated
409,Aggi,Yanuk,Female,Kitchen,6/20/2018,4/9/1977,27051,ayanukbc@booking.com,600-121-5514,Terminated
410,Josey,Beamont,Female,Housekeeping,5/9/2018,6/26/1991,34795,jbeamontbd@list-manage.com,230-322-7928,On Leave
411,Carmine,Fairs,Male,Finance,3/9/2021,3/6/2023,19359,cfairsbe@who.int,745-661-1687,Active
412,Ricoriki,Leggen,Male,Kitchen,12/12/2022,6/21/2004,30500,rleggenbf@miibeian.gov.cn,249-328-1607,On Leave
413,Paulo,Laurie,Male,Finance,12/10/2024,4/4/1986,28546,plauriebg@blogtalkradio.com,632-583-7453,On Leave
414,Sissie,Scedall,Female,Maintenance,11/29/2021,5/20/1985,15901,sscedallbh@sfgate.com,998-320-8093,Active
415,Benjamen,Sepey,Male,Finance,9/15/2020,2/10/1980,45659,bsepeybi@flickr.com,969-851-9670,Terminated
416,Ced,Mowsdell,Male,Kitchen,3/29/2022,2/1/2003,30277,cmowsdellbj@yale.edu,665-132-8124,Active
417,Ulrich,Presland,Male,HR,2/22/2020,5/12/2005,38397,upreslandbk@yellowbook.com,190-391-6312,Terminated
418,Willie,Tytcomb,Female,Front Office,12/25/2020,7/16/1978,11088,,,Terminated
419,Blondie,Ygoe,Female,HR,11/1/2021,4/22/1986,25246,bygoebm@imgur.com,973-172-9394,On Leave
420,Alphard,Shuard,Male,Finance,7/15/2022,2/27/2007,33780,ashuardbn@simplemachines.org,257-106-0069,Active
421,Raviv,Grishunin,Male,Kitchen,8/9/2016,12/28/1994,44722,rgrishuninbo@yelp.com,807-498-2240,Active
422,Giulietta,Prawle,Female,Housekeeping,8/19/2015,4/27/2012,37984,,270-324-3519,Terminated
423,Luciana,Ort,Female,Kitchen,11/3/2015,7/30/2012,24739,lortbq@mediafire.com,153-147-3623,Active
424,Zea,Standfield,Female,Security,12/19/2021,9/6/1981,30594,zstandfieldbr@yellowpages.com,269-189-6470,Active
425,Odelinda,Lathleiff,Female,Front Office,7/26/2022,6/5/1995,31202,olathleiffbs@networkadvertising.org,548-602-8175,On Leave
426,Cristy,Mendus,Female,Housekeeping,6/30/2019,8/24/1985,34197,cmendusbt@zdnet.com,354-672-0750,Active
427,Donaugh,Miskimmon,Male,Housekeeping,6/30/2017,2/7/2011,10936,dmiskimmonbu@loc.gov,448-220-1818,Terminated
428,Bev,Donson,Female,Maintenance,7/15/2020,7/16/2016,49775,bdonsonbv@com.com,100-185-1596,Terminated
429,Pincus,Giampietro,Male,Housekeeping,11/8/2017,5/15/2020,38124,pgiampietrobw@princeton.edu,104-653-8086,On Leave
430,Clemmie,Whittier,Female,Security,10/7/2015,12/16/1983,47221,cwhittierbx@mapy.cz,443-975-6928,Active
431,Johnathan,Schuchmacher,Male,Maintenance,6/7/2017,10/12/2024,39037,jschuchmacherby@cdc.gov,884-456-3513,Active
432,Creighton,Danton,Male,Maintenance,8/10/2019,11/8/1994,16232,cdantonbz@cmu.edu,998-321-4051,On Leave
433,Olga,Gronaver,Female,Security,5/24/2024,5/11/2012,24556,ogronaverc0@biblegateway.com,955-466-7281,Terminated
434,Rora,Strafen,Female,Security,9/2/2018,12/31/1971,35776,rstrafenc1@ameblo.jp,868-549-2302,Terminated
435,Wolfie,Edlestone,Male,Front Office,10/6/2024,4/7/1974,46483,wedlestonec2@shareasale.com,,On Leave
436,Estele,Chaudron,Female,Maintenance,6/3/2023,5/6/2010,44781,echaudronc3@sohu.com,577-359-1060,Active
437,Abey,Ketchell,Male,Finance,8/15/2022,4/18/2014,40696,aketchellc4@scribd.com,840-957-8037,Terminated
438,Porter,Muckersie,Male,Front Office,12/28/2022,12/8/1995,10088,pmuckersiec5@hc360.com,317-782-1761,Active
439,Clarisse,Birt,Female,Maintenance,12/1/2017,5/13/2018,35385,,846-601-7081,On Leave
440,Maurita,O'Ruane,Female,Kitchen,2/26/2022,5/16/1989,10150,moruanec7@psu.edu,693-114-0323,Active
441,Cristy,Brendeke,Female,HR,12/14/2024,8/26/1978,12256,cbrendekec8@illinois.edu,548-351-4786,Terminated
442,Chrissy,Delahunt,Male,HR,7/28/2017,6/2/1990,40800,cdelahuntc9@ftc.gov,758-837-7516,Terminated
443,Lorrie,Kettle,Male,,12/30/2017,5/16/1993,41001,lkettleca@acquirethisname.com,664-531-6498,Active
444,Maisie,Exton,Female,HR,4/14/2023,9/13/1999,39640,mextoncb@wikia.com,403-277-7947,Terminated
445,Jocelyne,Judd,Female,Kitchen,9/11/2019,5/26/2012,17041,jjuddcc@wisc.edu,674-377-9050,Active
446,Grayce,Di Giacomettino,Female,HR,9/22/2021,3/4/2010,17345,gdigiacomettinocd@theguardian.com,138-560-6902,Terminated
447,Candie,Carrane,Female,Maintenance,6/20/2018,10/23/2020,35260,,372-155-3789,Active
448,Shaylynn,Chave,Female,,8/2/2022,7/8/1976,44003,schavecf@omniture.com,248-391-9210,On Leave
449,Paula,Ellard,Female,Kitchen,3/3/2017,1/20/1976,17775,pellardcg@shop-pro.jp,405-992-0862,On Leave
450,Clark,Bromby,Male,Kitchen,8/15/2019,4/16/1977,39015,cbrombych@google.ca,464-707-2142,Active
451,Hinda,Simyson,Female,Security,9/10/2022,10/26/2010,22716,hsimysonci@statcounter.com,614-480-5281,Terminated
452,Albrecht,Joinsey,Male,Finance,2/22/2022,4/12/1973,30868,ajoinseycj@cnn.com,421-591-9449,On Leave
453,Mart,Damp,Male,Finance,8/7/2016,2/27/2003,47449,mdampck@businessweek.com,812-424-9853,On Leave
454,Hazel,Noe,Male,Kitchen,2/13/2022,4/25/2006,29288,hnoecl@github.com,858-398-9201,Active
455,Flossie,McSweeney,Female,Kitchen,7/19/2020,4/2/1993,10158,fmcsweeneycm@adobe.com,589-680-8962,On Leave
456,Barde,Wynter,Male,Front Office,1/25/2018,3/19/1984,27721,bwyntercn@ted.com,354-163-0973,Terminated
457,Boycie,Matthieson,Male,Kitchen,9/19/2023,7/18/2012,19453,bmatthiesonco@dion.ne.jp,586-307-8547,Terminated
458,Gal,Binder,Male,Security,12/6/2018,8/27/2007,35714,gbindercp@friendfeed.com,291-655-1607,Terminated
459,Niles,Toxell,Male,Kitchen,10/1/2015,3/23/2016,15548,ntoxellcq@github.io,149-711-7984,On Leave
460,Jamima,Huet,Female,HR,10/1/2016,11/20/2016,40312,jhuetcr@creativecommons.org,745-694-5251,On Leave
461,Terese,Breckin,Female,Security,9/7/2024,8/5/1987,20180,tbreckincs@bing.com,995-709-7183,Terminated
462,Debera,Bortolutti,Female,Finance,1/31/2018,5/10/2019,41109,dbortoluttict@tiny.cc,665-496-2951,Active
463,Diann,Tucker,Female,HR,9/28/2020,6/9/1989,12054,dtuckercu@cbc.ca,322-309-8326,On Leave
464,Elia,Demangeon,Male,Security,6/30/2023,12/20/2020,45557,edemangeoncv@ca.gov,875-425-7387,Terminated
465,Colby,Easterfield,Male,Finance,7/17/2021,7/21/1998,31377,ceasterfieldcw@goo.gl,720-439-8636,Active
466,Alain,Mully,Male,Front Office,5/1/2022,8/2/1985,46106,amullycx@wikimedia.org,716-901-7397,Terminated
467,Merline,Ecclesall,Female,Front Office,4/3/2023,8/29/1972,23751,mecclesallcy@meetup.com,849-306-7837,On Leave
468,Loydie,Tuckey,Male,HR,12/18/2023,2/18/1971,49629,ltuckeycz@g.co,483-405-2440,Terminated
469,Virgil,Gobeaux,Male,Security,2/7/2023,1/2/2008,29913,vgobeauxd0@kickstarter.com,421-363-8881,Terminated
470,Iosep,Mordacai,Male,Front Office,7/19/2020,10/11/2012,49611,imordacaid1@yandex.ru,450-100-3405,Active
471,Janessa,Porch,Female,,7/10/2025,9/22/1992,26847,,,On Leave
472,Marcella,Cadle,Female,Front Office,9/26/2023,5/10/2007,11642,mcadled3@scribd.com,795-687-8266,On Leave
473,Monique,MacGorrie,Female,HR,8/14/2023,3/18/1979,12855,mmacgorried4@tinyurl.com,766-680-1759,Terminated
474,Salvatore,Felipe,Male,,12/17/2023,4/20/2022,19707,sfeliped5@blogtalkradio.com,101-898-8688,Terminated
475,Auberon,Robroe,Male,Front Office,1/25/2023,5/14/1996,28800,arobroed6@ucoz.com,262-697-3534,Terminated
476,Yehudit,Iffe,Male,HR,12/27/2016,8/6/1993,30924,yiffed7@devhub.com,146-468-6346,Terminated
477,Jere,McSpirron,Male,Front Office,12/23/2022,12/30/2022,36583,,367-164-8288,On Leave
478,Crissy,Macartney,Female,Security,5/27/2023,1/11/2009,19753,cmacartneyd9@live.com,399-681-3446,Terminated
479,Jimmie,Ditty,Male,Front Office,9/23/2021,6/2/1995,42684,jdittyda@kickstarter.com,374-721-0282,On Leave
480,Ange,Mycock,Male,Kitchen,5/2/2017,6/7/1987,44560,amycockdb@cafepress.com,989-224-4126,Active
481,Nixie,Fasson,Female,Maintenance,9/28/2020,4/28/2007,28842,nfassondc@wunderground.com,443-748-0279,On Leave
482,Emelia,Mockett,Female,Kitchen,1/13/2023,10/23/2000,40392,emockettdd@cloudflare.com,355-930-8683,Active
483,Gearalt,Taylot,Male,Kitchen,4/22/2019,2/21/2022,20262,gtaylotde@reference.com,361-751-5869,Terminated
484,Angelique,Stithe,Female,Kitchen,5/31/2018,8/4/2001,43309,astithedf@netvibes.com,913-540-6547,On Leave
485,Jamima,Moiser,Female,Maintenance,12/21/2023,5/4/1997,18852,jmoiserdg@earthlink.net,450-825-5799,Active
486,Haily,Drake,Male,Finance,11/15/2017,6/18/2000,48167,hdrakedh@fc2.com,515-605-0549,Terminated
487,Saw,Shakesbye,Male,Front Office,6/8/2018,12/23/2001,27785,sshakesbyedi@dell.com,222-987-9568,Active
488,Minna,Sutherden,Female,Finance,6/26/2021,9/16/2009,16649,msutherdendj@topsy.com,718-846-8581,Terminated
489,Ophelie,Eldritt,Female,Security,5/9/2017,6/25/2022,35488,oeldrittdk@e-recht24.de,582-501-3750,On Leave
490,Annamaria,Torald,Female,Kitchen,9/21/2020,2/8/1985,46768,atoralddl@wikia.com,910-788-8980,Terminated
491,Genia,Simonel,Female,Kitchen,1/23/2022,2/15/1990,34747,gsimoneldm@vistaprint.com,173-798-5154,Terminated
492,Katey,Hufton,Female,,8/1/2021,9/21/2007,11843,khuftondn@skyrock.com,366-840-4162,Terminated
493,Beryl,Keppin,Female,Housekeeping,4/27/2018,1/19/1983,29262,bkeppindo@marriott.com,887-364-5001,Active
494,Emlynne,Peasby,Female,Security,12/27/2018,4/18/2006,14977,epeasbydp@washingtonpost.com,484-431-1802,Active
495,Skipper,McGeouch,Male,Front Office,4/7/2016,7/21/1988,42776,smcgeouchdq@guardian.co.uk,729-511-6666,On Leave
496,Ronny,Bibby,Male,Kitchen,1/29/2016,1/20/2012,38687,rbibbydr@mtv.com,284-798-1653,Terminated
497,Neron,Tankard,Male,Front Office,6/21/2022,6/17/2001,17984,ntankardds@photobucket.com,965-191-2946,Active
498,Sully,Brotherick,Male,Kitchen,1/31/2016,2/2/1978,42638,sbrotherickdt@ycombinator.com,399-957-2613,Active
499,Marmaduke,MacKaig,Male,Kitchen,4/2/2017,12/1/1975,40752,mmackaigdu@live.com,861-165-9343,On Leave
500,Michaela,Andrelli,Female,Front Office,5/1/2023,12/21/2012,30578,mandrellidv@ow.ly,132-107-6932,On Leave
