leave_id,employee_id,leave_type,start_date,end_date,approval_status
1,430,Annual,7/20/2023,7/20/2023,Pending
2,315,Emergency,3/24/2023,3/24/2023,Rejected
3,38,Maternity,4/21/2024,4/21/2024,Rejected
4,238,Annual,6/18/2025,6/18/2025,Approved
5,106,Maternity,2/4/2023,2/4/2023,Pending
6,478,Emergency,6/3/2025,6/3/2025,
7,97,Sick,7/8/2023,7/8/2023,Rejected
8,392,Emergency,1/17/2025,1/17/2025,Rejected
9,451,Annual,10/21/2023,10/21/2023,Pending
10,185,Emergency,5/23/2024,5/23/2024,Rejected
11,258,Annual,5/13/2023,5/13/2023,Rejected
12,104,Annual,10/16/2023,10/16/2023,Pending
13,262,Annual,12/13/2024,12/13/2024,Pending
14,278,Sick,12/18/2024,12/18/2024,Pending
15,451,,12/18/2024,12/18/2024,Pending
16,356,,4/22/2023,4/22/2023,Pending
17,336,,3/25/2023,3/25/2023,Approved
18,290,Sick,1/2/2025,1/2/2025,Rejected
19,98,Annual,6/18/2023,6/18/2023,Approved
20,28,Sick,12/16/2023,12/16/2023,Approved
21,162,Annual,12/30/2023,12/30/2023,Pending
22,323,Sick,10/25/2023,10/25/2023,Rejected
23,290,Annual,5/17/2024,5/17/2024,Rejected
24,229,,7/27/2024,7/27/2024,Rejected
25,53,Annual,7/13/2024,7/13/2024,Approved
26,143,Sick,8/7/2023,8/7/2023,Approved
27,280,Maternity,12/8/2024,12/8/2024,Rejected
28,393,Sick,9/25/2023,9/25/2023,Rejected
29,25,Sick,12/20/2024,12/20/2024,Approved
30,299,Maternity,4/6/2025,4/6/2025,Approved
31,219,Emergency,6/16/2025,6/16/2025,Rejected
32,483,Maternity,2/12/2024,2/12/2024,Pending
33,18,Sick,4/28/2025,4/28/2025,Approved
34,197,Maternity,2/20/2024,2/20/2024,Approved
35,485,Annual,7/6/2023,7/6/2023,Rejected
36,160,Emergency,9/5/2023,9/5/2023,Approved
37,244,Annual,2/12/2025,2/12/2025,Rejected
38,337,Annual,5/23/2025,5/23/2025,Rejected
39,377,Maternity,3/30/2024,3/30/2024,
40,100,Sick,2/12/2023,2/12/2023,Approved
41,152,Annual,4/2/2025,4/2/2025,Rejected
42,50,Emergency,7/16/2024,7/16/2024,Approved
43,146,Annual,4/24/2024,4/24/2024,Approved
44,34,Annual,5/16/2023,5/16/2023,Pending
45,263,Maternity,5/31/2025,5/31/2025,Approved
46,37,Emergency,6/16/2024,6/16/2024,Approved
47,201,Emergency,8/26/2023,8/26/2023,Pending
48,16,Maternity,10/2/2024,10/2/2024,Rejected
49,500,Annual,10/16/2023,10/16/2023,Pending
50,28,Maternity,5/7/2025,5/7/2025,Pending
51,326,Annual,7/7/2025,7/7/2025,Approved
52,167,Maternity,5/11/2023,5/11/2023,Pending
53,303,,3/7/2025,3/7/2025,Pending
54,237,Maternity,11/12/2024,11/12/2024,Approved
55,229,Maternity,6/2/2023,6/2/2023,Pending
56,139,Sick,10/14/2023,10/14/2023,Pending
57,145,Sick,3/18/2024,3/18/2024,Approved
58,124,Annual,9/25/2023,9/25/2023,Approved
59,330,Annual,6/26/2023,6/26/2023,Approved
60,239,Sick,2/24/2025,2/24/2025,Approved
61,332,Sick,12/26/2024,12/26/2024,Pending
62,18,Maternity,3/25/2024,3/25/2024,Approved
63,331,,3/12/2024,3/12/2024,Approved
64,108,Emergency,10/12/2023,10/12/2023,Rejected
65,283,Sick,6/29/2025,6/29/2025,Approved
66,348,Emergency,3/4/2025,3/4/2025,Approved
67,417,Sick,8/29/2023,8/29/2023,Pending
68,409,Emergency,1/30/2023,1/30/2023,Rejected
69,393,,9/13/2023,9/13/2023,Rejected
70,91,,3/11/2025,3/11/2025,Rejected
71,466,Emergency,4/8/2025,4/8/2025,Rejected
72,67,Annual,8/6/2023,8/6/2023,Pending
73,111,Emergency,11/13/2024,11/13/2024,Pending
74,26,Sick,3/17/2024,3/17/2024,Approved
75,115,Sick,4/28/2024,4/28/2024,Approved
76,456,Maternity,6/26/2024,6/26/2024,Pending
77,439,Emergency,9/15/2024,9/15/2024,Approved
78,258,Maternity,11/25/2024,11/25/2024,Rejected
79,213,Emergency,5/1/2024,5/1/2024,Rejected
80,370,Emergency,5/23/2025,5/23/2025,Pending
81,167,Emergency,12/17/2023,12/17/2023,
82,298,Emergency,6/4/2025,6/4/2025,Approved
83,421,Annual,6/28/2024,6/28/2024,Rejected
84,425,Maternity,5/5/2023,5/5/2023,Pending
85,487,Emergency,7/2/2024,7/2/2024,Rejected
86,355,Annual,2/8/2024,2/8/2024,Pending
87,109,Sick,6/21/2023,6/21/2023,Rejected
88,341,,6/30/2025,6/30/2025,Pending
89,175,,9/14/2023,9/14/2023,Rejected
90,269,Annual,6/20/2024,6/20/2024,Approved
91,424,Maternity,3/31/2025,3/31/2025,Approved
92,365,Maternity,10/18/2024,10/18/2024,Approved
93,299,Emergency,2/4/2025,2/4/2025,Pending
94,389,Emergency,2/21/2024,2/21/2024,
95,230,Emergency,6/30/2024,6/30/2024,Pending
96,204,Annual,7/29/2023,7/29/2023,Pending
97,170,Emergency,10/4/2023,10/4/2023,Pending
98,331,Maternity,9/19/2024,9/19/2024,Approved
99,227,,4/11/2023,4/11/2023,Rejected
100,48,Emergency,10/6/2024,10/6/2024,Rejected
101,385,Sick,1/19/2025,1/19/2025,Rejected
102,199,Sick,11/15/2024,11/15/2024,Rejected
103,136,,10/13/2024,10/13/2024,Pending
104,166,Maternity,1/19/2024,1/19/2024,Approved
105,362,Sick,9/6/2023,9/6/2023,Approved
106,179,Sick,10/1/2024,10/1/2024,Pending
107,153,Sick,2/24/2023,2/24/2023,Rejected
108,339,Emergency,6/24/2025,6/24/2025,Rejected
109,455,Sick,5/21/2023,5/21/2023,Rejected
110,238,Maternity,10/11/2024,10/11/2024,Rejected
111,169,Sick,1/10/2024,1/10/2024,Rejected
112,447,Sick,9/18/2023,9/18/2023,Approved
113,424,Emergency,2/3/2024,2/3/2024,Approved
114,454,Maternity,10/25/2023,10/25/2023,Rejected
115,485,Maternity,2/6/2023,2/6/2023,Approved
116,95,Sick,8/13/2024,8/13/2024,Approved
117,171,Annual,5/14/2024,5/14/2024,Approved
118,227,Maternity,7/5/2024,7/5/2024,Approved
119,135,Annual,3/11/2024,3/11/2024,Pending
120,31,Annual,9/19/2023,9/19/2023,Pending
121,27,Emergency,8/28/2024,8/28/2024,Pending
122,194,Annual,5/16/2025,5/16/2025,Rejected
123,54,,1/11/2023,1/11/2023,Rejected
124,164,Emergency,7/8/2024,7/8/2024,Pending
125,151,Sick,8/21/2024,8/21/2024,Approved
126,52,Emergency,5/10/2025,5/10/2025,Rejected
127,433,Annual,4/2/2023,4/2/2023,Approved
128,182,Annual,6/23/2025,6/23/2025,Pending
129,282,Sick,7/14/2024,7/14/2024,Approved
130,137,Annual,4/4/2025,4/4/2025,Approved
131,55,Sick,3/9/2023,3/9/2023,Rejected
132,404,,1/8/2024,1/8/2024,Pending
133,342,Maternity,2/4/2023,2/4/2023,Pending
134,340,Emergency,5/22/2025,5/22/2025,Rejected
135,288,Maternity,3/10/2024,3/10/2024,Rejected
136,181,Sick,10/5/2024,10/5/2024,Pending
137,333,Annual,5/7/2025,5/7/2025,Pending
138,412,Maternity,5/24/2024,5/24/2024,Rejected
139,261,Sick,11/27/2024,11/27/2024,Rejected
140,284,Maternity,7/21/2023,7/21/2023,Pending
141,33,Maternity,2/26/2025,2/26/2025,Approved
142,436,Emergency,10/26/2023,10/26/2023,Pending
143,158,Maternity,4/22/2024,4/22/2024,Rejected
144,410,Maternity,6/7/2023,6/7/2023,Approved
145,51,Annual,3/8/2023,3/8/2023,Pending
146,129,Sick,1/16/2023,1/16/2023,Rejected
147,35,Sick,10/5/2023,10/5/2023,Pending
148,290,Maternity,2/14/2024,2/14/2024,Rejected
149,75,Maternity,2/21/2024,2/21/2024,Approved
150,420,Annual,7/22/2024,7/22/2024,Pending
151,472,Annual,2/1/2023,2/1/2023,Approved
152,287,Emergency,5/12/2023,5/12/2023,Pending
153,346,Annual,10/25/2023,10/25/2023,Approved
154,188,Annual,3/21/2024,3/21/2024,Pending
155,32,Emergency,1/14/2024,1/14/2024,Approved
156,158,Annual,10/19/2023,10/19/2023,Pending
157,95,Emergency,3/10/2025,3/10/2025,Pending
158,327,Annual,1/18/2023,1/18/2023,Approved
159,132,Sick,2/23/2025,2/23/2025,Rejected
160,372,Annual,4/9/2025,4/9/2025,Pending
161,206,Maternity,10/28/2024,10/28/2024,Pending
162,373,Maternity,9/19/2024,9/19/2024,Rejected
163,303,Sick,2/27/2025,2/27/2025,
164,272,Maternity,10/5/2024,10/5/2024,Rejected
165,295,Sick,6/4/2025,6/4/2025,Approved
166,151,Annual,9/12/2024,9/12/2024,Approved
167,245,Emergency,4/20/2025,4/20/2025,Approved
168,58,Maternity,8/7/2023,8/7/2023,Rejected
169,164,Sick,11/14/2024,11/14/2024,Approved
170,409,Maternity,4/16/2023,4/16/2023,Pending
171,102,Maternity,5/3/2025,5/3/2025,Pending
172,122,Sick,2/26/2025,2/26/2025,Pending
173,106,Annual,8/14/2023,8/14/2023,Rejected
174,107,Annual,11/17/2024,11/17/2024,Pending
175,75,Emergency,4/29/2025,4/29/2025,Rejected
176,66,Emergency,9/13/2023,9/13/2023,Rejected
177,2,Maternity,3/11/2025,3/11/2025,Approved
178,410,Annual,2/28/2023,2/28/2023,Rejected
179,317,Annual,11/2/2023,11/2/2023,Approved
180,107,Annual,10/14/2023,10/14/2023,Approved
181,218,Annual,12/24/2024,12/24/2024,Approved
182,321,Emergency,1/25/2025,1/25/2025,Pending
183,197,Maternity,1/6/2025,1/6/2025,Pending
184,100,Annual,12/15/2024,12/15/2024,Rejected
185,413,Sick,8/18/2023,8/18/2023,Pending
186,273,Maternity,11/12/2024,11/12/2024,Rejected
187,22,Maternity,4/7/2023,4/7/2023,Pending
188,30,Emergency,12/17/2023,12/17/2023,
189,438,Maternity,6/11/2024,6/11/2024,Rejected
190,144,Maternity,6/24/2024,6/24/2024,Approved
191,121,,12/20/2023,12/20/2023,Approved
192,267,Sick,7/5/2025,7/5/2025,Rejected
193,55,Annual,1/19/2024,1/19/2024,Rejected
194,192,Annual,8/26/2024,8/26/2024,Rejected
195,371,Emergency,8/22/2024,8/22/2024,Approved
196,416,Emergency,4/16/2024,4/16/2024,Pending
197,251,Emergency,12/17/2023,12/17/2023,Pending
198,443,Sick,12/21/2023,12/21/2023,Pending
199,251,Emergency,2/27/2023,2/27/2023,Approved
200,113,Sick,7/26/2023,7/26/2023,Rejected
201,70,Sick,6/2/2024,6/2/2024,Pending
202,274,Annual,12/7/2023,12/7/2023,Rejected
203,327,,4/23/2025,4/23/2025,Approved
204,64,Maternity,11/9/2023,11/9/2023,Approved
205,296,Emergency,1/22/2024,1/22/2024,Pending
206,57,Maternity,11/30/2023,11/30/2023,Pending
207,127,Sick,1/8/2024,1/8/2024,Pending
208,24,Maternity,7/19/2023,7/19/2023,Pending
209,116,Maternity,3/29/2023,3/29/2023,Rejected
210,326,Sick,1/24/2023,1/24/2023,Approved
211,164,Emergency,4/3/2024,4/3/2024,Approved
212,235,Emergency,11/30/2024,11/30/2024,Approved
213,171,Maternity,5/28/2023,5/28/2023,
214,344,Sick,4/27/2023,4/27/2023,Rejected
215,168,Sick,5/10/2023,5/10/2023,Approved
216,386,Sick,6/7/2025,6/7/2025,Pending
217,405,Emergency,6/24/2023,6/24/2023,Rejected
218,177,Maternity,10/13/2024,10/13/2024,Rejected
219,409,Maternity,1/14/2023,1/14/2023,Rejected
220,411,Sick,1/15/2025,1/15/2025,Pending
221,95,Sick,2/14/2023,2/14/2023,Approved
222,66,Emergency,9/8/2024,9/8/2024,Pending
223,168,,3/18/2023,3/18/2023,Pending
224,265,Annual,8/20/2023,8/20/2023,Rejected
225,28,Emergency,7/17/2023,7/17/2023,Approved
226,118,,7/21/2024,7/21/2024,Rejected
227,246,Maternity,6/24/2023,6/24/2023,Approved
228,314,Maternity,8/12/2023,8/12/2023,Approved
229,446,Sick,7/10/2025,7/10/2025,Approved
230,189,Sick,4/22/2025,4/22/2025,Rejected
231,177,Sick,4/29/2024,4/29/2024,Rejected
232,184,Maternity,3/11/2024,3/11/2024,Approved
233,8,Maternity,9/17/2023,9/17/2023,Approved
234,88,Annual,4/23/2025,4/23/2025,Approved
235,137,Maternity,5/8/2023,5/8/2023,Pending
236,447,Emergency,5/24/2025,5/24/2025,Pending
237,240,Maternity,7/24/2024,7/24/2024,Rejected
238,199,Sick,10/14/2024,10/14/2024,Pending
239,227,Maternity,5/9/2025,5/9/2025,Pending
240,61,Maternity,10/2/2024,10/2/2024,Pending
241,105,Annual,2/19/2023,2/19/2023,Approved
242,55,Annual,9/16/2024,9/16/2024,Approved
243,264,Annual,4/10/2024,4/10/2024,Approved
244,140,Maternity,12/9/2023,12/9/2023,Rejected
245,193,Sick,12/4/2023,12/4/2023,Rejected
246,152,Sick,10/11/2023,10/11/2023,Approved
247,425,,7/8/2025,7/8/2025,Approved
248,235,Annual,10/7/2023,10/7/2023,Pending
249,334,Sick,6/18/2025,6/18/2025,Approved
250,345,Maternity,10/18/2024,10/18/2024,Approved
251,352,Sick,6/3/2025,6/3/2025,Pending
252,468,Maternity,6/9/2023,6/9/2023,Rejected
253,180,Maternity,2/16/2025,2/16/2025,Approved
254,496,Maternity,5/11/2024,5/11/2024,Rejected
255,458,Emergency,2/2/2023,2/2/2023,Approved
256,190,Annual,12/11/2024,12/11/2024,Approved
257,32,Maternity,10/11/2024,10/11/2024,Rejected
258,201,Annual,4/21/2024,4/21/2024,Approved
259,163,Sick,7/14/2025,7/14/2025,Approved
260,216,Sick,10/15/2024,10/15/2024,Rejected
261,42,Sick,9/13/2023,9/13/2023,Approved
262,301,,11/29/2024,11/29/2024,Approved
263,476,Emergency,9/30/2024,9/30/2024,Approved
264,227,Maternity,7/5/2023,7/5/2023,Rejected
265,141,Emergency,12/31/2023,12/31/2023,Rejected
266,361,Maternity,6/13/2023,6/13/2023,Rejected
267,129,Maternity,12/22/2023,12/22/2023,Pending
268,249,Emergency,9/14/2024,9/14/2024,Pending
269,159,Annual,10/23/2023,10/23/2023,Rejected
270,371,Sick,8/25/2024,8/25/2024,Pending
271,373,Sick,3/14/2023,3/14/2023,Approved
272,425,Maternity,6/6/2025,6/6/2025,Pending
273,50,Maternity,3/17/2025,3/17/2025,Pending
274,315,Annual,11/27/2023,11/27/2023,Rejected
275,440,Emergency,7/25/2023,7/25/2023,Pending
276,355,Annual,5/9/2024,5/9/2024,Rejected
277,347,Maternity,11/13/2024,11/13/2024,Rejected
278,68,Annual,5/13/2024,5/13/2024,Pending
279,44,Sick,1/15/2024,1/15/2024,Approved
280,66,Maternity,2/6/2023,2/6/2023,Pending
281,102,Annual,9/12/2024,9/12/2024,Rejected
282,166,Annual,7/24/2024,7/24/2024,Rejected
283,150,Maternity,6/28/2025,6/28/2025,Pending
284,226,Sick,4/4/2025,4/4/2025,Rejected
285,168,Sick,7/11/2025,7/11/2025,
286,65,Annual,11/2/2023,11/2/2023,Pending
287,144,Sick,10/8/2024,10/8/2024,Approved
288,322,Annual,4/1/2023,4/1/2023,Pending
289,348,Emergency,12/21/2024,12/21/2024,Rejected
290,94,Emergency,9/25/2024,9/25/2024,Pending
291,359,Annual,4/28/2025,4/28/2025,Approved
292,276,Annual,1/3/2025,1/3/2025,Pending
293,189,Annual,1/12/2023,1/12/2023,Rejected
294,195,Maternity,9/15/2023,9/15/2023,Pending
295,57,Maternity,2/16/2024,2/16/2024,Approved
296,203,Emergency,9/15/2023,9/15/2023,Pending
297,159,Annual,6/17/2025,6/17/2025,Pending
298,257,Sick,5/6/2025,5/6/2025,Approved
299,67,Sick,9/24/2024,9/24/2024,Rejected
300,486,Emergency,4/4/2025,4/4/2025,Approved
301,467,Sick,9/20/2024,9/20/2024,Rejected
302,112,Annual,12/26/2024,12/26/2024,Approved
303,132,Maternity,1/24/2023,1/24/2023,Pending
304,156,Annual,4/17/2024,4/17/2024,Pending
305,482,Emergency,6/4/2025,6/4/2025,Approved
306,391,Maternity,2/11/2023,2/11/2023,Pending
307,108,Annual,1/31/2023,1/31/2023,Rejected
308,318,Maternity,3/31/2024,3/31/2024,Rejected
309,468,Emergency,12/9/2023,12/9/2023,Pending
310,227,Maternity,1/24/2024,1/24/2024,Pending
311,91,Emergency,7/7/2023,7/7/2023,Approved
312,203,,7/1/2023,7/1/2023,Rejected
313,286,Emergency,5/30/2023,5/30/2023,Rejected
314,458,Sick,7/21/2023,7/21/2023,Approved
315,5,,3/20/2023,3/20/2023,Pending
316,258,Annual,3/23/2024,3/23/2024,Rejected
317,281,Emergency,12/26/2024,12/26/2024,Approved
318,151,Emergency,11/23/2023,11/23/2023,Pending
319,104,Sick,4/17/2023,4/17/2023,
320,39,Emergency,2/23/2024,2/23/2024,Approved
321,191,Sick,7/23/2023,7/23/2023,Approved
322,348,Maternity,1/16/2025,1/16/2025,Pending
323,15,Sick,6/4/2024,6/4/2024,Pending
324,380,Maternity,4/17/2023,4/17/2023,Approved
325,162,Emergency,8/20/2023,8/20/2023,Approved
326,338,Emergency,5/28/2024,5/28/2024,Rejected
327,499,Sick,3/6/2024,3/6/2024,Pending
328,26,Emergency,7/25/2023,7/25/2023,Pending
329,68,Emergency,4/26/2024,4/26/2024,Pending
330,356,Emergency,3/3/2025,3/3/2025,Pending
331,327,Sick,8/1/2023,8/1/2023,Pending
332,383,Annual,5/2/2023,5/2/2023,Rejected
333,393,Annual,10/22/2024,10/22/2024,Approved
334,147,Annual,4/6/2023,4/6/2023,Rejected
335,257,Annual,9/10/2023,9/10/2023,Approved
336,431,Emergency,10/14/2024,10/14/2024,Pending
337,387,Emergency,10/20/2023,10/20/2023,Pending
338,228,Maternity,5/6/2025,5/6/2025,Rejected
339,464,Sick,2/11/2025,2/11/2025,Approved
340,106,Annual,12/15/2023,12/15/2023,Approved
341,79,Maternity,2/10/2024,2/10/2024,Approved
342,221,Maternity,3/20/2025,3/20/2025,Pending
343,228,Maternity,1/7/2023,1/7/2023,Pending
344,476,Annual,6/6/2025,6/6/2025,Approved
345,69,Maternity,7/2/2025,7/2/2025,Pending
346,75,Annual,11/24/2024,11/24/2024,Approved
347,490,Annual,3/17/2024,3/17/2024,Pending
348,35,Sick,7/31/2024,7/31/2024,Rejected
349,103,Emergency,8/11/2023,8/11/2023,Pending
350,364,Sick,1/26/2024,1/26/2024,Pending
351,225,Emergency,6/9/2023,6/9/2023,Rejected
352,152,Maternity,8/4/2024,8/4/2024,Rejected
353,339,Sick,6/2/2025,6/2/2025,Rejected
354,196,Maternity,1/24/2024,1/24/2024,Pending
355,22,,10/20/2024,10/20/2024,Pending
356,235,Annual,9/6/2024,9/6/2024,Rejected
357,401,Sick,7/15/2024,7/15/2024,Rejected
358,90,Sick,9/10/2023,9/10/2023,Pending
359,101,Emergency,2/11/2025,2/11/2025,Rejected
360,385,Maternity,4/9/2024,4/9/2024,Approved
361,430,Maternity,9/17/2024,9/17/2024,Approved
362,326,,12/28/2024,12/28/2024,Approved
363,29,Sick,1/10/2024,1/10/2024,Pending
364,267,,4/5/2024,4/5/2024,Rejected
365,16,Emergency,5/7/2025,5/7/2025,Approved
366,263,Maternity,8/30/2024,8/30/2024,Approved
367,481,Maternity,7/11/2025,7/11/2025,Pending
368,483,Maternity,3/31/2025,3/31/2025,Approved
369,14,Emergency,5/2/2023,5/2/2023,Approved
370,419,Sick,4/6/2024,4/6/2024,Approved
371,316,Emergency,3/23/2025,3/23/2025,Pending
372,362,Emergency,9/24/2023,9/24/2023,Pending
373,189,Emergency,12/27/2024,12/27/2024,Approved
374,103,Emergency,8/5/2023,8/5/2023,Rejected
375,276,Sick,5/17/2023,5/17/2023,Pending
376,34,Emergency,2/26/2024,2/26/2024,Approved
377,53,Annual,9/3/2024,9/3/2024,Rejected
378,458,Emergency,7/14/2023,7/14/2023,Approved
379,69,Emergency,2/29/2024,2/29/2024,Rejected
380,69,Maternity,5/1/2023,5/1/2023,Pending
381,266,Annual,6/6/2025,6/6/2025,Pending
382,347,Sick,4/26/2024,4/26/2024,Approved
383,100,Maternity,4/26/2024,4/26/2024,Approved
384,373,Emergency,4/18/2024,4/18/2024,Approved
385,429,Maternity,4/18/2025,4/18/2025,Approved
386,419,Emergency,2/29/2024,2/29/2024,Rejected
387,162,Sick,3/10/2023,3/10/2023,Rejected
388,176,Sick,12/24/2023,12/24/2023,Rejected
389,29,Sick,3/6/2023,3/6/2023,Approved
390,312,Annual,3/23/2023,3/23/2023,Rejected
391,470,Sick,8/17/2023,8/17/2023,Pending
392,198,Annual,1/7/2025,1/7/2025,Pending
393,196,Maternity,5/25/2024,5/25/2024,Approved
394,157,Emergency,6/17/2025,6/17/2025,Rejected
395,69,Annual,2/12/2024,2/12/2024,Rejected
396,338,Emergency,3/23/2023,3/23/2023,Approved
397,368,Annual,6/16/2025,6/16/2025,Rejected
398,88,Annual,8/25/2023,8/25/2023,Approved
399,192,,1/27/2025,1/27/2025,Pending
400,310,Maternity,8/29/2024,8/29/2024,Rejected
401,76,Annual,8/11/2023,8/11/2023,Rejected
402,331,,3/1/2024,3/1/2024,Pending
403,187,Annual,1/18/2025,1/18/2025,Approved
404,330,Emergency,1/16/2025,1/16/2025,Rejected
405,111,Annual,9/28/2023,9/28/2023,Approved
406,489,Annual,9/16/2023,9/16/2023,Approved
407,182,Sick,2/25/2025,2/25/2025,Approved
408,274,Sick,5/5/2023,5/5/2023,Rejected
409,410,Sick,5/12/2024,5/12/2024,Approved
410,140,Annual,8/9/2024,8/9/2024,Rejected
411,307,Maternity,8/23/2023,8/23/2023,Approved
412,463,Maternity,11/7/2024,11/7/2024,Pending
413,475,,5/4/2024,5/4/2024,Pending
414,214,Sick,1/19/2025,1/19/2025,Approved
415,489,Annual,12/15/2024,12/15/2024,Rejected
416,407,,12/23/2024,12/23/2024,Approved
417,58,Annual,1/25/2023,1/25/2023,Rejected
418,403,Emergency,6/26/2024,6/26/2024,Pending
419,399,Annual,6/5/2025,6/5/2025,Pending
420,391,Maternity,1/20/2023,1/20/2023,Rejected
421,141,Emergency,9/27/2024,9/27/2024,Rejected
422,500,Maternity,4/1/2023,4/1/2023,Pending
423,136,Maternity,2/18/2023,2/18/2023,Approved
424,387,Maternity,5/1/2025,5/1/2025,Rejected
425,52,Sick,2/17/2025,2/17/2025,Rejected
426,94,,5/7/2025,5/7/2025,Rejected
427,292,Maternity,1/12/2023,1/12/2023,Rejected
428,103,Maternity,4/19/2024,4/19/2024,Pending
429,112,,10/6/2024,10/6/2024,Approved
430,29,Maternity,5/27/2024,5/27/2024,Rejected
431,45,Annual,2/23/2025,2/23/2025,Rejected
432,324,Sick,10/2/2023,10/2/2023,Rejected
433,68,Maternity,11/6/2024,11/6/2024,Approved
434,487,Emergency,9/5/2023,9/5/2023,Approved
435,19,Sick,3/20/2024,3/20/2024,Pending
436,324,Annual,5/27/2023,5/27/2023,Rejected
437,426,Maternity,2/3/2025,2/3/2025,Approved
438,490,Maternity,1/22/2023,1/22/2023,Pending
439,130,Emergency,12/23/2023,12/23/2023,
440,283,Emergency,10/9/2023,10/9/2023,Pending
441,409,Emergency,1/16/2023,1/16/2023,Pending
442,134,Maternity,2/2/2025,2/2/2025,Pending
443,31,,7/13/2024,7/13/2024,Approved
444,495,Maternity,8/3/2023,8/3/2023,
445,251,Maternity,11/8/2023,11/8/2023,Approved
446,424,Emergency,5/3/2025,5/3/2025,Approved
447,164,Maternity,6/27/2023,6/27/2023,Approved
448,410,Maternity,8/30/2024,8/30/2024,Rejected
449,500,,3/20/2025,3/20/2025,Rejected
450,439,Annual,8/7/2024,8/7/2024,Pending
451,295,Sick,5/9/2025,5/9/2025,Approved
452,365,Sick,2/7/2023,2/7/2023,Rejected
453,178,Sick,4/12/2024,4/12/2024,Rejected
454,273,Annual,6/22/2025,6/22/2025,Pending
455,116,Maternity,9/1/2023,9/1/2023,Rejected
456,166,Emergency,2/1/2024,2/1/2024,Pending
457,230,Annual,2/11/2025,2/11/2025,Rejected
458,331,Emergency,3/25/2024,3/25/2024,Rejected
459,219,Sick,4/2/2024,4/2/2024,
460,215,Maternity,2/14/2025,2/14/2025,Approved
461,251,Emergency,5/14/2025,5/14/2025,Rejected
462,173,Sick,2/14/2024,2/14/2024,Approved
463,260,Emergency,3/30/2024,3/30/2024,Approved
464,425,Maternity,2/18/2023,2/18/2023,Approved
465,46,Annual,6/16/2023,6/16/2023,Rejected
466,66,Annual,4/17/2024,4/17/2024,Approved
467,231,Maternity,9/27/2024,9/27/2024,Approved
468,336,Sick,12/3/2024,12/3/2024,Approved
469,377,Emergency,4/3/2023,4/3/2023,Approved
470,340,Maternity,2/1/2024,2/1/2024,Pending
471,101,Annual,6/15/2025,6/15/2025,Approved
472,212,,5/17/2023,5/17/2023,Pending
473,225,Sick,2/3/2023,2/3/2023,Approved
474,268,Sick,5/18/2024,5/18/2024,Pending
475,408,,1/31/2023,1/31/2023,Approved
476,111,Maternity,5/15/2025,5/15/2025,Pending
477,296,Emergency,9/14/2023,9/14/2023,Pending
478,67,Emergency,6/12/2023,6/12/2023,Pending
479,144,Emergency,5/7/2024,5/7/2024,Pending
480,171,Sick,1/27/2024,1/27/2024,Pending
481,275,Annual,7/6/2024,7/6/2024,Pending
482,421,Annual,6/15/2024,6/15/2024,Pending
483,283,Sick,3/13/2025,3/13/2025,Pending
484,484,Annual,11/7/2023,11/7/2023,Approved
485,102,Sick,11/27/2024,11/27/2024,Approved
486,148,Sick,1/31/2023,1/31/2023,Approved
487,11,Sick,8/24/2023,8/24/2023,Approved
488,129,Sick,9/19/2024,9/19/2024,Approved
489,60,Maternity,3/25/2023,3/25/2023,Pending
490,467,Sick,12/2/2024,12/2/2024,Rejected
491,128,Sick,5/15/2023,5/15/2023,Approved
492,55,Maternity,9/19/2023,9/19/2023,Approved
493,273,Maternity,4/5/2023,4/5/2023,Approved
494,2,,2/8/2024,2/8/2024,Pending
495,271,Emergency,4/21/2025,4/21/2025,Pending
496,415,Annual,3/17/2024,3/17/2024,Rejected
497,21,Annual,6/8/2023,6/8/2023,Rejected
498,198,Annual,12/10/2023,12/10/2023,Rejected
499,135,Sick,11/14/2024,11/14/2024,Approved
500,36,,7/7/2023,7/7/2023,Approved
501,135,Sick,4/24/2024,4/24/2024,Rejected
502,214,Annual,3/14/2023,3/14/2023,Pending
503,425,Annual,10/15/2023,10/15/2023,Rejected
504,363,Emergency,7/20/2024,7/20/2024,Approved
505,57,Sick,5/26/2024,5/26/2024,Approved
506,219,Annual,4/7/2024,4/7/2024,Pending
507,464,Emergency,11/17/2024,11/17/2024,Rejected
508,269,Maternity,4/16/2023,4/16/2023,Pending
509,206,Maternity,12/29/2024,12/29/2024,Rejected
510,471,Maternity,10/24/2024,10/24/2024,Pending
511,25,Emergency,3/12/2023,3/12/2023,Rejected
512,121,Sick,2/1/2023,2/1/2023,Approved
513,158,Maternity,1/31/2025,1/31/2025,Approved
514,107,Sick,8/9/2023,8/9/2023,Rejected
515,257,Emergency,12/15/2024,12/15/2024,Rejected
516,71,,4/4/2024,4/4/2024,Approved
517,91,Maternity,1/24/2025,1/24/2025,Approved
518,262,Annual,5/19/2024,5/19/2024,Approved
519,488,Emergency,3/13/2023,3/13/2023,Pending
520,27,Emergency,2/18/2023,2/18/2023,Rejected
521,54,Maternity,10/31/2024,10/31/2024,Rejected
522,85,Annual,4/16/2023,4/16/2023,Rejected
523,411,Maternity,2/8/2023,2/8/2023,Rejected
524,87,Sick,3/16/2024,3/16/2024,Pending
525,90,Emergency,9/25/2023,9/25/2023,Approved
526,244,Annual,9/22/2024,9/22/2024,Approved
527,477,Sick,7/24/2024,7/24/2024,Rejected
528,441,Maternity,1/30/2024,1/30/2024,Pending
529,59,Sick,5/29/2024,5/29/2024,Pending
530,14,Emergency,4/29/2023,4/29/2023,Pending
531,211,Sick,3/25/2024,3/25/2024,Approved
532,151,Maternity,7/11/2024,7/11/2024,Approved
533,381,Maternity,10/20/2024,10/20/2024,Approved
534,5,Annual,7/26/2023,7/26/2023,Pending
535,160,Emergency,9/10/2024,9/10/2024,Rejected
536,491,Annual,12/29/2024,12/29/2024,Pending
537,73,Sick,7/27/2024,7/27/2024,
538,343,Emergency,8/25/2024,8/25/2024,Approved
539,56,Emergency,1/4/2024,1/4/2024,Pending
540,387,Maternity,5/20/2023,5/20/2023,Pending
541,55,Sick,2/11/2025,2/11/2025,Pending
542,262,Annual,8/19/2023,8/19/2023,Approved
543,302,Sick,6/7/2025,6/7/2025,Approved
544,167,Sick,6/16/2025,6/16/2025,Rejected
545,397,Emergency,7/15/2024,7/15/2024,Rejected
546,345,Maternity,10/20/2024,10/20/2024,Pending
547,270,Emergency,6/24/2023,6/24/2023,Approved
548,83,Annual,7/26/2023,7/26/2023,Approved
549,260,Annual,4/13/2024,4/13/2024,Approved
550,191,Sick,8/8/2024,8/8/2024,Rejected
551,157,Annual,4/14/2023,4/14/2023,Pending
552,142,Emergency,2/23/2025,2/23/2025,Approved
553,162,Annual,10/13/2024,10/13/2024,Approved
554,288,Sick,5/6/2025,5/6/2025,Pending
555,289,Maternity,3/6/2024,3/6/2024,Rejected
556,414,Sick,5/23/2024,5/23/2024,Approved
557,82,Sick,8/24/2023,8/24/2023,Pending
558,331,Maternity,9/2/2024,9/2/2024,Pending
559,233,Annual,8/26/2023,8/26/2023,Rejected
560,313,Emergency,9/21/2023,9/21/2023,Pending
561,397,Sick,8/2/2024,8/2/2024,Rejected
562,16,Emergency,3/3/2024,3/3/2024,
563,280,Sick,7/27/2024,7/27/2024,Pending
564,461,Emergency,4/10/2023,4/10/2023,Pending
565,189,Annual,8/7/2023,8/7/2023,Approved
566,282,,11/19/2023,11/19/2023,Pending
567,271,Sick,9/3/2023,9/3/2023,Pending
568,317,Annual,5/1/2023,5/1/2023,Rejected
569,74,Emergency,3/16/2024,3/16/2024,Rejected
570,466,Emergency,2/3/2023,2/3/2023,
571,333,Sick,9/4/2024,9/4/2024,Approved
572,307,Annual,7/31/2024,7/31/2024,Approved
573,289,Sick,1/31/2023,1/31/2023,Approved
574,401,,1/8/2024,1/8/2024,Pending
575,492,Annual,3/26/2025,3/26/2025,Rejected
576,248,,4/15/2025,4/15/2025,Approved
577,278,Maternity,2/22/2023,2/22/2023,Rejected
578,70,Emergency,3/9/2025,3/9/2025,Rejected
579,413,Emergency,9/13/2023,9/13/2023,Rejected
580,144,,4/10/2025,4/10/2025,Rejected
581,343,Annual,11/11/2023,11/11/2023,Approved
582,67,Maternity,6/16/2024,6/16/2024,Approved
583,493,Sick,12/1/2024,12/1/2024,Pending
584,465,Maternity,6/17/2023,6/17/2023,Rejected
585,429,Annual,3/22/2024,3/22/2024,Approved
586,280,Annual,6/6/2025,6/6/2025,Rejected
587,18,Sick,10/21/2024,10/21/2024,Rejected
588,422,Emergency,9/5/2024,9/5/2024,Approved
589,225,Sick,7/14/2024,7/14/2024,Pending
590,257,Emergency,7/15/2024,7/15/2024,Pending
591,185,Emergency,4/13/2025,4/13/2025,Rejected
592,470,Sick,1/28/2024,1/28/2024,Rejected
593,43,Maternity,10/8/2024,10/8/2024,Rejected
594,417,Maternity,5/14/2023,5/14/2023,Approved
595,448,Maternity,7/25/2024,7/25/2024,Rejected
596,316,Sick,3/1/2023,3/1/2023,Approved
597,52,Sick,4/8/2025,4/8/2025,Approved
598,136,Emergency,2/16/2024,2/16/2024,Pending
599,67,Annual,12/18/2024,12/18/2024,Approved
600,365,Annual,2/4/2023,2/4/2023,Pending
601,92,Maternity,8/2/2023,8/2/2023,Approved
602,192,Maternity,9/24/2023,9/24/2023,Approved
603,222,Emergency,6/15/2024,6/15/2024,Pending
604,309,Maternity,8/18/2023,8/18/2023,Pending
605,465,Maternity,7/4/2024,7/4/2024,Rejected
606,292,Sick,6/8/2023,6/8/2023,Rejected
607,265,Emergency,3/25/2024,3/25/2024,Rejected
608,402,Maternity,5/12/2023,5/12/2023,Rejected
609,279,Emergency,6/23/2025,6/23/2025,Rejected
610,359,Maternity,4/13/2024,4/13/2024,Approved
611,357,Maternity,12/14/2024,12/14/2024,Pending
612,149,Annual,7/16/2024,7/16/2024,Pending
613,29,Sick,8/23/2024,8/23/2024,Approved
614,130,Maternity,11/10/2024,11/10/2024,Approved
615,256,Emergency,3/7/2024,3/7/2024,
616,500,Emergency,3/26/2023,3/26/2023,
617,361,Sick,7/6/2024,7/6/2024,Rejected
618,85,Annual,2/28/2025,2/28/2025,Rejected
619,482,Maternity,1/6/2025,1/6/2025,Approved
620,138,Annual,5/4/2023,5/4/2023,Rejected
621,343,Annual,7/17/2023,7/17/2023,
622,472,Annual,1/24/2025,1/24/2025,Approved
623,363,Annual,1/24/2024,1/24/2024,Pending
624,153,Maternity,11/27/2024,11/27/2024,Approved
625,52,,3/8/2024,3/8/2024,Pending
626,149,Annual,10/1/2023,10/1/2023,Rejected
627,53,Sick,7/3/2025,7/3/2025,Pending
628,442,Emergency,5/30/2024,5/30/2024,Approved
629,79,Maternity,8/22/2024,8/22/2024,Rejected
630,205,Annual,11/18/2024,11/18/2024,Approved
631,333,Maternity,4/30/2024,4/30/2024,Approved
632,322,Emergency,4/12/2025,4/12/2025,Approved
633,378,Maternity,8/11/2023,8/11/2023,Rejected
634,309,Emergency,3/18/2025,3/18/2025,Rejected
635,29,Sick,2/8/2025,2/8/2025,Rejected
636,483,Maternity,6/27/2023,6/27/2023,Rejected
637,120,Annual,11/2/2024,11/2/2024,Rejected
638,176,Maternity,10/18/2024,10/18/2024,Pending
639,203,Sick,7/13/2023,7/13/2023,Rejected
640,96,Sick,4/2/2023,4/2/2023,Approved
641,403,Maternity,2/3/2023,2/3/2023,Approved
642,205,Annual,11/23/2024,11/23/2024,Rejected
643,354,Maternity,9/4/2023,9/4/2023,Approved
644,434,Sick,4/11/2025,4/11/2025,Approved
645,473,Sick,12/4/2024,12/4/2024,Rejected
646,396,Maternity,5/15/2025,5/15/2025,Rejected
647,100,Maternity,1/1/2023,1/1/2023,Approved
648,191,Sick,1/6/2024,1/6/2024,Pending
649,100,Emergency,8/2/2024,8/2/2024,Rejected
650,39,Emergency,10/2/2024,10/2/2024,Approved
651,3,Annual,5/24/2025,5/24/2025,Approved
652,404,Sick,11/14/2024,11/14/2024,Approved
653,2,Annual,12/10/2023,12/10/2023,Pending
654,139,Annual,1/21/2025,1/21/2025,Rejected
655,121,Emergency,3/13/2025,3/13/2025,Rejected
656,315,Annual,4/4/2023,4/4/2023,Approved
657,46,Annual,5/17/2024,5/17/2024,Pending
658,157,,7/5/2025,7/5/2025,Pending
659,184,Emergency,4/20/2025,4/20/2025,Pending
660,350,Annual,4/3/2025,4/3/2025,Pending
661,9,Annual,5/19/2025,5/19/2025,Rejected
662,184,Annual,5/24/2025,5/24/2025,Rejected
663,276,Annual,11/22/2024,11/22/2024,Pending
664,258,Maternity,7/2/2023,7/2/2023,
665,5,Sick,3/1/2025,3/1/2025,Pending
666,169,Sick,3/16/2025,3/16/2025,Rejected
667,285,Sick,3/27/2025,3/27/2025,Pending
668,240,Maternity,3/1/2024,3/1/2024,Rejected
669,410,Annual,11/13/2023,11/13/2023,Rejected
670,311,Sick,3/30/2023,3/30/2023,Rejected
671,174,Annual,5/30/2023,5/30/2023,Pending
672,368,Emergency,8/22/2024,8/22/2024,Approved
673,455,Emergency,7/11/2025,7/11/2025,Pending
674,464,Sick,5/28/2025,5/28/2025,Rejected
675,306,Annual,10/26/2024,10/26/2024,Rejected
676,326,Emergency,1/7/2025,1/7/2025,Pending
677,355,Annual,9/9/2024,9/9/2024,Approved
678,474,Sick,1/15/2024,1/15/2024,Rejected
679,158,,1/27/2025,1/27/2025,Approved
680,6,Sick,6/9/2024,6/9/2024,Rejected
681,279,Annual,10/27/2024,10/27/2024,Pending
682,271,Sick,5/21/2025,5/21/2025,Approved
683,483,,9/23/2024,9/23/2024,Pending
684,474,Annual,1/4/2023,1/4/2023,Pending
685,315,Sick,4/11/2025,4/11/2025,Approved
686,251,Emergency,7/3/2025,7/3/2025,Approved
687,209,Annual,4/20/2025,4/20/2025,Approved
688,168,Emergency,4/13/2023,4/13/2023,Pending
689,471,Annual,8/9/2023,8/9/2023,
690,367,Sick,12/8/2023,12/8/2023,Pending
691,452,Annual,1/25/2025,1/25/2025,Rejected
692,385,Sick,3/24/2023,3/24/2023,Pending
693,186,Maternity,1/14/2023,1/14/2023,Pending
694,492,Maternity,6/16/2023,6/16/2023,Approved
695,421,Maternity,5/28/2025,5/28/2025,Approved
696,35,Annual,3/12/2025,3/12/2025,Pending
697,350,Sick,1/17/2024,1/17/2024,Rejected
698,409,Sick,3/25/2024,3/25/2024,Pending
699,77,Emergency,4/5/2025,4/5/2025,Pending
700,62,Emergency,3/27/2024,3/27/2024,
701,341,Annual,4/13/2023,4/13/2023,Rejected
702,95,Annual,12/15/2024,12/15/2024,Rejected
703,183,Annual,5/6/2023,5/6/2023,Rejected
704,63,Sick,10/3/2023,10/3/2023,Approved
705,377,Emergency,6/23/2023,6/23/2023,Rejected
706,250,Maternity,5/13/2023,5/13/2023,Approved
707,371,Sick,1/12/2023,1/12/2023,Rejected
708,327,Maternity,8/16/2023,8/16/2023,Rejected
709,431,Maternity,6/19/2025,6/19/2025,Pending
710,136,Emergency,6/24/2025,6/24/2025,Approved
711,496,Emergency,2/4/2023,2/4/2023,Pending
712,183,Emergency,7/5/2023,7/5/2023,Pending
713,333,,2/5/2023,2/5/2023,Rejected
714,238,Emergency,12/3/2024,12/3/2024,Pending
715,151,Maternity,7/1/2024,7/1/2024,Approved
716,392,Sick,6/10/2025,6/10/2025,Rejected
717,137,Emergency,6/15/2025,6/15/2025,Approved
718,347,Maternity,12/19/2023,12/19/2023,Rejected
719,485,Maternity,10/28/2023,10/28/2023,Pending
720,9,Sick,2/18/2025,2/18/2025,Pending
721,478,,1/13/2023,1/13/2023,Rejected
722,180,Emergency,12/29/2024,12/29/2024,Pending
723,371,Emergency,7/11/2025,7/11/2025,Rejected
724,61,Emergency,9/17/2023,9/17/2023,Pending
725,90,Sick,11/24/2023,11/24/2023,Approved
726,223,Maternity,1/28/2024,1/28/2024,Pending
727,38,Annual,9/29/2024,9/29/2024,Pending
728,163,Emergency,8/2/2024,8/2/2024,
729,489,Annual,4/12/2023,4/12/2023,Approved
730,9,Emergency,3/11/2025,3/11/2025,Approved
731,416,Annual,5/10/2025,5/10/2025,Approved
732,398,Annual,1/21/2024,1/21/2024,Rejected
733,249,Maternity,10/3/2024,10/3/2024,Approved
734,405,Maternity,4/19/2023,4/19/2023,Pending
735,263,Sick,2/15/2024,2/15/2024,Approved
736,121,Annual,9/11/2023,9/11/2023,Approved
737,406,Annual,5/27/2025,5/27/2025,Rejected
738,314,Emergency,1/12/2025,1/12/2025,Approved
739,427,Sick,11/30/2023,11/30/2023,Approved
740,457,Maternity,7/28/2023,7/28/2023,Pending
741,463,Emergency,3/11/2023,3/11/2023,Pending
742,24,Annual,10/9/2024,10/9/2024,Pending
743,234,Maternity,4/1/2025,4/1/2025,Approved
744,391,Annual,9/23/2024,9/23/2024,Pending
745,30,Emergency,12/14/2023,12/14/2023,Rejected
746,436,Maternity,8/16/2024,8/16/2024,Pending
747,460,,12/31/2024,12/31/2024,Approved
748,341,Sick,1/28/2025,1/28/2025,Pending
749,70,Sick,6/11/2024,6/11/2024,Rejected
750,423,Sick,3/14/2024,3/14/2024,Rejected
